israted,webrating,ofratings,surveyrating,ratingBefore,ratingAfter,isRatedBefore,isRatedAfter,board,gender,experience,peerrating,howmanypatients,population,rawzero,ratedzero,urban,largeurban,median,denver,memphis
1,5,4,92,5,5,1,1,1,1,31,4,78,175.766,7,5,0,0,82.929,1,0
1,5,6,78,5,,1,0,1,1,30,0,52,527.056,7,1,0,0,57.339,1,0
0,,0,95,,,0,0,0,1,44,0,21,291.288,9,5,1,1,55.861,1,0
1,5,1,85,,,0,0,1,1,30,0,44,291.288,12,9,1,1,55.861,1,0
0,,0,79,,,0,0,1,1,31,0,61,487.967,14,8,1,1,53.57,1,0
1,5,2,83,4,1.357142806053162,1,1,1,1,37,3,62,487.967,14,7,1,1,53.57,1,0
0,,0,85,,,0,0,1,1,38,0,61,291.288,12,9,1,1,55.861,1,0
0,,0,72,,,0,0,1,1,38,0,41,527.056,5,1,0,0,57.339,1,0
0,,0,85,,,0,0,0,0,41,0,49,291.288,7,4,1,1,55.861,1,0
0,,0,77,,,0,0,1,1,30,0,48,487.967,15,7,1,1,53.57,1,0
1,4.199999809265137,2,76,5,,1,0,1,1,31,0,56,291.288,9,4,1,1,55.861,1,0
0,,0,85,,,0,0,1,1,28,0,56,527.056,0,0,1,0,57.339,1,0
0,,0,75,,,0,0,1,1,31,0,48,554.636,16,9,1,1,39.5,1,0
1,5,2,87,,5,0,1,1,1,36,0,67,291.288,21,12,1,0,55.861,1,0
1,5,1,77,5,1,1,1,1,1,35,0,41,527.056,10,6,1,0,57.339,1,0
1,5,1,80,,,0,0,1,1,30,0,39,487.967,15,7,1,1,53.57,1,0
1,4,2,86,3.611111164093018,2.1875,1,1,1,1,28,0,77,175.766,7,5,0,0,82.929,1,0
1,1,2,78,5,,1,0,0,1,34,0,47,527.056,3,1,1,0,57.339,1,0
1,5,1,80,,,0,0,1,1,40,0,75,487.967,11,7,1,1,53.57,1,0
1,2.5,2,70,5,,1,0,1,1,31,0,51,291.288,12,8,1,1,55.861,1,0
0,,0,76,,,0,0,1,1,33,0,64,291.288,12,9,1,1,55.861,1,0
1,2.799999952316284,3,63,3,5,1,1,0,1,45,0,38,291.288,9,4,1,1,55.861,1,0
1,5,1,68,5,5,1,1,1,1,36,0,57,291.288,12,8,1,1,55.861,1,0
1,3.200000047683716,2,82,2.833333253860474,5,1,1,1,1,32,0,37,487.967,0,0,1,0,53.57,1,0
1,1,1,79,,,0,0,1,1,31,0,48,527.056,3,2,1,0,57.339,1,0
0,,0,66,,,0,0,0,1,35,0,34,363.857,11,3,0,0,47.323,1,0
0,,0,86,,,0,0,1,1,30,0,52,291.288,21,13,1,0,55.861,1,0
1,4,2,82,,5,0,1,1,1,37,0,58,487.967,14,7,1,1,53.57,1,0
0,,0,80,,,0,0,1,1,30,0,45,487.967,11,7,1,1,53.57,1,0
1,5,1,86,,,0,0,1,0,28,0,65,527.056,6,3,0,0,57.339,1,0
1,3.700000047683716,3,84,4.5,5,1,1,1,1,34,0,63,175.766,8,6,0,0,82.929,1,0
0,,0,71,,,0,0,0,1,42,0,50,554.636,2,0,1,1,39.5,1,0
1,4.699999809265137,3,87,4.5,3.833333253860474,1,1,1,1,32,0,56,291.288,12,8,1,1,55.861,1,0
0,,0,79,,,0,0,0,1,30,0,48,527.056,22,10,0,0,57.339,1,0
0,,0,80,,,0,0,1,1,39,0,47,487.967,15,7,1,1,53.57,1,0
1,3.900000095367432,8,77,4.625,,1,0,0,1,37,0,34,487.967,0,0,1,0,53.57,1,0
1,5,3,84,,1,0,1,0,1,28,0,57,527.056,22,9,0,0,57.339,1,0
0,,0,83,,,0,0,1,0,33,0,75,291.288,21,13,1,0,55.861,1,0
1,5,1,84,5,,1,0,1,1,40,0,45,554.636,16,8,1,1,39.5,1,0
1,5,2,81,,5,0,1,0,1,34,0,57,487.967,0,0,1,0,53.57,1,0
0,,0,55,,,0,0,0,1,40,0,34,487.967,3,3,1,1,53.57,1,0
0,,0,73,,,0,0,1,1,39,0,43,291.288,9,5,1,1,55.861,1,0
1,4.800000190734863,3,90,4.5,,1,0,1,1,34,0,54,554.636,16,8,1,1,39.5,1,0
0,,0,82,,,0,0,1,1,37,0,45,554.636,16,9,1,1,39.5,1,0
0,,0,71,,,0,0,1,1,40,0,57,291.288,21,13,1,0,55.861,1,0
0,,0,83,,,0,0,0,1,33,0,44,175.766,7,5,0,0,82.929,1,0
1,3.700000047683716,12,80,,2.5,0,1,1,1,37,0,70,291.288,21,12,1,0,55.861,1,0
0,,0,67,,,0,0,1,1,34,0,34,487.967,15,7,1,1,53.57,1,0
0,,0,76,,,0,0,1,1,31,0,48,291.288,21,13,1,0,55.861,1,0
0,,0,89,,,0,0,1,1,32,0,85,175.766,7,6,0,0,82.929,1,0
1,5,2,86,2.75,5,1,1,0,1,51,0,51,291.288,12,6,0,0,55.861,1,0
1,3.799999952316284,3,78,5,,1,0,0,1,50,0,48,527.056,7,1,0,0,57.339,1,0
0,,0,79,,,0,0,1,1,33,0,73,487.967,13,5,0,0,53.57,1,0
1,4.900000095367432,7,87,,5,0,1,1,1,26,0,74,291.288,18,8,0,0,55.861,1,0
0,,0,75,,,0,0,1,1,29,0,30,291.288,9,5,1,1,55.861,1,0
1,5,2,84,5,5,1,1,1,1,26,3,67,527.056,10,6,1,0,57.339,1,0
1,4.400000095367432,17,70,5,5,1,1,1,0,26,0,45,487.967,6,4,1,1,53.57,1,0
1,4.099999904632568,4,75,4.5,,1,0,1,1,34,0,53,487.967,10,5,1,1,53.57,1,0
1,2.200000047683716,4,81,5,,1,0,1,0,26,0,46,487.967,10,5,1,1,53.57,1,0
1,2.799999952316284,2,90,,1,0,1,1,1,34,0,52,487.967,10,5,1,1,53.57,1,0
0,,0,79,,,0,0,1,1,31,0,54,527.056,7,2,0,0,57.339,1,0
0,,0,80,,,0,0,1,1,31,0,59,554.636,16,9,1,1,39.5,1,0
0,,0,65,,,0,0,1,1,36,0,30,363.857,11,3,0,0,47.323,1,0
1,5,1,87,5,,1,0,1,0,32,0,59,363.857,4,3,1,0,47.323,1,0
1,4.5,1,86,5,5,1,1,1,1,30,0,38,363.857,13,6,1,0,47.323,1,0
0,,0,85,,,0,0,0,1,31,0,60,363.857,11,3,0,0,47.323,1,0
0,,0,81,,,0,0,1,1,38,0,40,363.857,13,7,1,0,47.323,1,0
1,5,1,89,4.5,1,1,1,0,1,38,0,48,363.857,11,2,0,0,47.323,1,0
1,4,1,76,,,0,0,0,1,37,0,65,363.857,7,4,0,0,47.323,1,0
1,3,1,88,5,5,1,1,1,1,25,0,60,291.288,18,8,0,0,55.861,1,0
1,1.5,3,56,,1,0,1,1,0,28,0,50,487.967,6,3,0,0,53.57,1,0
1,4.5,2,87,2.833333253860474,2.666666746139526,1,1,1,0,26,0,65,487.967,11,6,1,1,53.57,1,0
1,5,2,63,5,5,1,1,1,0,25,0,38,291.288,12,6,0,0,55.861,1,0
1,5,1,83,5,,1,0,1,1,34,0,47,527.056,5,3,0,0,57.339,1,0
1,2,2,82,5,5,1,1,1,1,30,0,69,527.056,1,1,0,0,57.339,1,0
1,3.700000047683716,5,78,,,0,0,1,0,24,0,82,527.056,10,7,1,0,57.339,1,0
1,3.299999952316284,3,75,5,,1,0,1,1,24,0,49,291.288,21,12,1,0,55.861,1,0
0,,0,74,,,0,0,1,0,24,0,48,554.636,2,0,1,1,39.5,1,0
1,4.599999904632568,4,75,5,,1,0,1,0,30,0,52,291.288,21,12,1,0,55.861,1,0
1,3.799999952316284,3,74,,,0,0,1,1,26,0,49,363.857,11,3,0,0,47.323,1,0
1,4,4,77,,5,0,1,1,1,25,0,43,527.056,1,1,0,0,57.339,1,0
1,5,3,82,5,,1,0,1,1,39,0,53,487.967,15,6,1,1,53.57,1,0
0,,0,75,,,0,0,1,0,31,0,46,487.967,14,8,1,1,53.57,1,0
0,,0,76,,,0,0,1,1,28,0,67,554.636,6,4,1,1,39.5,1,0
1,5,2,89,5,5,1,1,1,1,28,0,53,291.288,21,12,1,0,55.861,1,0
0,,0,76,,,0,0,0,0,28,0,67,363.857,5,3,0,0,47.323,1,0
1,4.099999904632568,5,83,,1.5,0,1,1,0,24,0,45,527.056,22,9,0,0,57.339,1,0
0,,0,70,,,0,0,1,1,34,0,42,487.967,14,8,1,1,53.57,1,0
1,5,1,81,,,0,0,1,1,26,0,38,487.967,13,5,0,0,53.57,1,0
1,3.200000047683716,2,74,,1,0,1,0,1,37,0,38,527.056,3,2,0,0,57.339,1,0
1,3.5,2,83,1,2.666666746139526,1,1,1,0,27,6,71,487.967,0,0,1,0,53.57,1,0
1,5,1,88,,,0,0,1,1,29,0,50,487.967,6,4,0,0,53.57,1,0
1,3.299999952316284,12,79,5,4.5,1,1,1,1,29,0,62,554.636,7,3,1,1,39.5,1,0
1,1.200000047683716,10,78,5,,1,0,1,1,33,0,67,487.967,15,6,1,1,53.57,1,0
1,4,1,79,,3,0,1,0,1,41,0,42,175.766,14,9,0,0,82.929,1,0
1,5,1,83,1.5,,1,0,1,0,26,3,58,527.056,22,9,0,0,57.339,1,0
0,,0,83,,,0,0,0,1,29,0,53,554.636,21,13,1,1,39.5,1,0
1,2.5,5,78,5,,1,0,1,1,28,0,46,554.636,7,3,1,1,39.5,1,0
1,4.099999904632568,5,79,3.5,5,1,1,1,1,30,0,49,554.636,6,1,1,1,39.5,1,0
0,,0,74,,,0,0,1,1,32,0,41,363.857,13,7,1,0,47.323,1,0
1,2.299999952316284,15,76,1.25,1,1,1,0,1,31,0,55,175.766,7,4,0,0,82.929,1,0
1,5,3,79,5,,1,0,0,1,32,0,35,527.056,22,9,0,0,57.339,1,0
0,,0,79,,,0,0,1,1,27,0,51,291.288,21,13,1,0,55.861,1,0
1,5,1,90,,,0,0,0,1,34,0,63,175.766,6,2,0,0,82.929,1,0
0,,0,61,,,0,0,0,1,25,0,33,554.636,0,0,1,1,39.5,1,0
1,4.199999809265137,16,72,5,,1,0,0,0,27,0,48,487.967,11,6,0,0,53.57,1,0
1,5,5,79,,5,0,1,1,1,28,0,67,487.967,6,3,0,0,53.57,1,0
1,2,2,90,,,0,0,0,0,31,0,56,487.967,10,6,1,1,53.57,1,0
1,5,3,91,5,,1,0,1,1,23,0,69,487.967,10,5,1,1,53.57,1,0
0,,0,83,,,0,0,1,1,27,0,77,487.967,14,8,1,1,53.57,1,0
1,5,3,81,4,5,1,1,1,0,33,0,67,554.636,16,8,1,1,39.5,1,0
1,3.599999904632568,4,78,,5,0,1,1,1,25,0,54,487.967,14,7,1,1,53.57,1,0
1,2.5,3,76,5,,1,0,1,0,30,0,54,175.766,8,6,0,0,82.929,1,0
1,3,2,75,1.25,,1,0,1,1,22,0,42,554.636,16,8,1,1,39.5,1,0
0,,0,86,,,0,0,1,1,23,0,60,291.288,12,7,0,0,55.861,1,0
1,2.700000047683716,22,67,,,0,0,1,0,23,0,77,175.766,6,2,0,0,82.929,1,0
1,5,1,75,,,0,0,1,0,22,0,45,487.967,0,0,1,0,53.57,1,0
0,,,71,,5,0,1,1,0,23,0,62,487.967,4,2,1,1,53.57,1,0
0,,0,79,,,0,0,1,0,22,0,48,291.288,7,4,1,1,55.861,1,0
0,,0,86,,,0,0,1,1,26,0,47,554.636,3,0,0,0,39.5,1,0
0,,0,76,,,0,0,1,1,28,0,65,554.636,2,0,1,1,39.5,1,0
1,4.5,6,81,5,,1,0,1,1,22,0,49,291.288,18,8,0,0,55.861,1,0
1,3.400000095367432,5,77,4.25,5,1,1,1,0,22,0,65,527.056,10,6,1,0,57.339,1,0
0,,0,79,,,0,0,1,1,22,0,62,554.636,2,0,1,1,39.5,1,0
0,,0,64,,,0,0,1,1,36,0,38,527.056,7,2,0,0,57.339,1,0
1,4.800000190734863,6,72,5,,1,0,1,1,31,0,50,363.857,5,2,0,0,47.323,1,0
1,3.700000047683716,3,58,,1,0,1,1,1,28,0,28,291.288,12,6,0,0,55.861,1,0
1,5,1,82,,,0,0,1,1,34,0,63,487.967,14,8,1,1,53.57,1,0
0,,0,90,,,0,0,1,1,40,0,80,554.636,21,13,1,1,39.5,1,0
1,5,2,85,2.5,,1,0,1,1,34,0,49,527.056,10,6,1,0,57.339,1,0
1,1,1,86,1,1,1,1,0,1,38,0,50,554.636,6,3,1,1,39.5,1,0
1,3.799999952316284,3,86,1,3.277777671813965,1,1,0,1,21,0,63,487.967,13,4,0,0,53.57,1,0
1,5,2,88,5,,1,0,1,0,22,0,61,291.288,2,2,1,1,55.861,1,0
1,5,2,82,1,,1,0,0,1,27,0,57,175.766,14,9,0,0,82.929,1,0
0,,0,83,,,0,0,0,0,26,0,64,175.766,14,10,0,0,82.929,1,0
1,4.900000095367432,5,83,5,,1,0,0,1,26,0,62,175.766,14,9,0,0,82.929,1,0
0,,0,80,,,0,0,0,1,28,0,61,527.056,6,3,0,0,57.339,1,0
0,,0,68,,,0,0,0,0,25,0,37,175.766,14,10,0,0,82.929,1,0
1,4,10,57,2.5,,1,0,0,1,41,0,26,175.766,7,4,0,0,82.929,1,0
1,3.5,11,72,5,,1,0,0,0,25,0,52,487.967,0,0,1,0,53.57,1,0
1,3.5,17,76,,5,0,1,1,0,24,0,54,487.967,14,7,1,1,53.57,1,0
0,,0,75,,,0,0,1,1,37,0,57,527.056,6,3,0,0,57.339,1,0
1,3.799999952316284,3,60,,,0,0,1,1,24,0,33,487.967,7,6,1,1,53.57,1,0
0,,0,78,,,0,0,1,1,31,0,48,487.967,14,8,1,1,53.57,1,0
1,3.200000047683716,8,76,1.5,3,1,1,1,1,21,0,57,175.766,14,9,0,0,82.929,1,0
1,5,1,74,,5,0,1,1,0,21,0,39,487.967,6,3,0,0,53.57,1,0
1,5,3,91,,,0,0,1,1,21,0,82,554.636,6,4,1,1,39.5,1,0
1,2.599999904632568,7,73,5,,1,0,1,1,21,0,47,363.857,13,6,1,0,47.323,1,0
0,,0,82,,,0,0,1,1,40,0,53,554.636,6,2,1,1,39.5,1,0
1,5,3,90,5,,1,0,1,0,22,0,78,487.967,0,0,1,0,53.57,1,0
1,4.199999809265137,8,83,5,,1,0,1,1,34,0,56,554.636,21,12,1,1,39.5,1,0
1,3.5,2,82,,5,0,1,1,1,39,0,66,554.636,21,12,1,1,39.5,1,0
0,,0,78,,,0,0,1,0,31,0,56,554.636,6,2,1,1,39.5,1,0
1,4,8,77,,5,0,1,1,1,21,0,41,175.766,7,5,0,0,82.929,1,0
0,,0,72,,,0,0,0,1,41,0,32,554.636,16,9,1,1,39.5,1,0
1,4,2,79,5,,1,0,1,1,28,0,48,363.857,13,6,1,0,47.323,1,0
0,,0,76,,,0,0,1,1,31,0,49,363.857,7,4,1,0,47.323,1,0
0,,0,76,,,0,0,0,1,33,0,42,527.056,22,10,0,0,57.339,1,0
0,,0,34,,,0,0,0,1,23,0,15,487.967,2,0,1,1,53.57,1,0
1,3.799999952316284,3,82,3,1,1,1,1,1,30,0,64,527.056,6,2,0,0,57.339,1,0
0,,0,75,,,0,0,1,1,22,0,56,527.056,0,0,0,0,57.339,1,0
1,1,1,79,,,0,0,1,1,22,0,52,554.636,6,2,1,1,39.5,1,0
1,5,1,77,4,,1,0,0,1,36,0,46,291.288,21,12,1,0,55.861,1,0
1,3,4,83,5,,1,0,0,0,31,0,55,554.636,16,8,1,1,39.5,1,0
1,4.800000190734863,4,79,3.25,,1,0,1,0,33,0,49,554.636,2,0,1,1,39.5,1,0
1,3.099999904632568,6,82,,,0,0,0,1,33,0,38,554.636,0,0,1,1,39.5,1,0
0,,0,87,,,0,0,1,0,20,0,81,487.967,0,0,1,0,53.57,1,0
0,,0,71,,,0,0,0,1,29,0,51,363.857,7,4,0,0,47.323,1,0
0,,0,86,,,0,0,0,1,34,0,54,554.636,2,0,1,1,39.5,1,0
1,5,2,80,,,0,0,1,1,22,0,52,291.288,21,13,1,0,55.861,1,0
1,5,4,76,,4.400000095367432,0,1,1,1,36,0,31,554.636,6,3,1,1,39.5,1,0
1,4.5,14,79,3.25,1.5,1,1,0,1,29,0,63,175.766,7,5,0,0,82.929,1,0
1,5,3,70,5,,1,0,1,1,21,4,46,487.967,15,6,1,1,53.57,1,0
0,,0,88,,,0,0,1,1,27,0,40,554.636,7,4,1,1,39.5,1,0
0,,0,83,,,0,0,1,0,26,0,53,487.967,0,0,1,0,53.57,1,0
1,5,1,83,,,0,0,1,1,24,0,59,291.288,21,13,1,0,55.861,1,0
0,,0,81,,,0,0,1,1,37,0,48,554.636,6,2,1,1,39.5,1,0
0,,0,73,,,0,0,0,0,22,0,31,19.872,1,0,0,0,62.48,1,0
1,3.299999952316284,5,75,5,,1,0,0,1,26,0,51,175.766,7,4,0,0,82.929,1,0
0,,0,82,,,0,0,1,0,20,0,54,487.967,15,7,0,0,53.57,1,0
0,,0,86,,,0,0,1,1,20,0,55,487.967,15,7,0,0,53.57,1,0
0,,0,63,,,0,0,1,0,29,0,35,175.766,14,10,0,0,82.929,1,0
1,4.800000190734863,2,76,,,0,0,1,1,25,0,38,363.857,11,3,0,0,47.323,1,0
1,2.5,1,80,5,5,1,1,1,1,40,0,58,554.636,21,12,1,1,39.5,1,0
0,,0,94,,,0,0,1,0,29,3,63,554.636,21,13,1,1,39.5,1,0
1,4,1,72,4,,1,0,1,1,32,0,34,554.636,1,1,1,1,39.5,1,0
0,,0,60,,,0,0,0,1,29,0,38,487.967,0,0,1,0,53.57,1,0
1,3.099999904632568,6,80,5,5,1,1,1,1,33,4,68,554.636,21,12,1,1,39.5,1,0
1,5,2,77,,1,0,1,0,1,51,0,47,554.636,21,12,1,1,39.5,1,0
1,4.5,2,77,5,,1,0,1,0,24,0,29,554.636,7,5,1,1,39.5,1,0
0,,0,95,,,0,0,1,1,32,4,73,554.636,7,6,1,1,39.5,1,0
1,3.900000095367432,4,81,5,,1,0,1,0,25,0,67,554.636,7,5,1,1,39.5,1,0
0,,0,71,,,0,0,0,1,28,0,34,487.967,13,5,0,0,53.57,1,0
0,,0,68,,,0,0,1,1,28,0,24,487.967,13,5,0,0,53.57,1,0
0,,0,88,,,0,0,1,0,20,0,48,363.857,11,3,0,0,47.323,1,0
0,,0,83,,,0,0,1,1,18,0,67,487.967,6,4,0,0,53.57,1,0
1,5,1,86,,,0,0,1,0,28,0,37,554.636,7,6,1,1,39.5,1,0
1,5,2,85,3,,1,0,1,1,22,0,53,554.636,16,8,1,1,39.5,1,0
0,,0,58,,,0,0,0,1,27,0,14,487.967,2,0,1,1,53.57,1,0
1,2.099999904632568,4,85,5,5,1,1,1,0,20,0,42,554.636,7,5,1,1,39.5,1,0
1,5,1,66,,,0,0,1,1,19,0,32,487.967,15,7,1,1,53.57,1,0
1,3.700000047683716,3,70,1,,1,0,1,1,23,0,36,363.857,7,3,1,0,47.323,1,0
1,2.900000095367432,4,73,5,,1,0,1,0,20,0,47,487.967,14,7,1,1,53.57,1,0
1,5,2,83,2.75,,1,0,1,1,27,0,65,487.967,3,2,1,1,53.57,1,0
1,5,1,86,1.333333373069763,,1,0,1,0,19,0,63,527.056,0,0,0,0,57.339,1,0
1,5,3,91,3.125,4.125,1,1,1,1,27,0,58,487.967,10,5,1,1,53.57,1,0
1,2.799999952316284,2,68,,,0,0,1,1,37,0,57,487.967,2,0,1,1,53.57,1,0
1,5,2,83,1,1,1,1,1,0,24,0,70,291.288,21,12,1,0,55.861,1,0
0,,0,84,,,0,0,1,1,20,0,38,554.636,3,3,1,1,39.5,1,0
1,3,4,71,5,,1,0,1,1,31,0,47,363.857,3,2,0,0,47.323,1,0
1,3,2,73,4,5,1,1,1,1,27,0,34,527.056,5,0,0,0,57.339,1,0
0,,,69,,5,0,1,1,1,20,3,72,175.766,14,9,0,0,82.929,1,0
1,3.200000047683716,2,77,,5,0,1,1,1,29,0,45,487.967,14,7,1,1,53.57,1,0
1,4.099999904632568,4,82,4,3.666666746139526,1,1,1,1,20,0,76,487.967,14,7,1,1,53.57,1,0
1,4,10,87,5,1,1,1,0,1,21,0,56,175.766,8,6,0,0,82.929,1,0
1,3.200000047683716,3,63,3.625,4.5,1,1,1,0,24,0,54,291.288,2,2,1,1,55.861,1,0
1,4.699999809265137,3,85,,5,0,1,1,1,19,0,81,487.967,0,0,1,0,53.57,1,0
0,,0,77,,,0,0,1,1,20,0,34,487.967,13,5,0,0,53.57,1,0
0,,0,76,,,0,0,1,1,19,0,55,527.056,5,1,0,0,57.339,1,0
1,5,1,82,,,0,0,1,1,25,0,54,291.288,18,9,0,0,55.861,1,0
0,,0,81,,,0,0,1,1,26,0,43,363.857,11,3,0,0,47.323,1,0
1,1.5,1,80,,,0,0,0,1,23,0,48,19.872,1,0,0,0,62.48,1,0
1,5,2,82,,3.5,0,1,1,0,40,0,57,363.857,3,2,0,0,47.323,1,0
0,,0,88,,,0,0,1,1,20,0,49,527.056,22,10,0,0,57.339,1,0
0,,0,68,,,0,0,1,0,19,0,41,363.857,11,3,0,0,47.323,1,0
0,,0,72,,,0,0,1,0,19,0,38,527.056,7,2,0,0,57.339,1,0
1,1.200000047683716,5,69,,5,0,1,1,0,23,0,64,554.636,2,1,1,1,39.5,1,0
1,5,2,83,,5,0,1,1,1,38,4,67,554.636,6,3,1,1,39.5,1,0
0,,0,77,,,0,0,1,1,33,0,35,527.056,7,2,0,0,57.339,1,0
1,4.099999904632568,7,75,,,0,0,1,1,19,0,56,175.766,6,2,0,0,82.929,1,0
1,5,1,56,5,,1,0,1,0,19,0,25,363.857,7,3,0,0,47.323,1,0
0,,0,90,,,0,0,1,0,22,0,68,554.636,21,13,1,1,39.5,1,0
1,3.799999952316284,4,69,5,,1,0,1,0,21,0,35,291.288,9,4,1,1,55.861,1,0
1,4.400000095367432,4,70,5,,1,0,1,0,16,0,30,554.636,7,5,1,1,39.5,1,0
1,4.400000095367432,8,82,,1,0,1,1,0,15,0,39,291.288,18,8,0,0,55.861,1,0
1,4.5,3,83,,,0,0,1,1,14,0,51,527.056,7,2,0,0,57.339,1,0
1,5,2,80,5,,1,0,1,1,18,0,62,487.967,6,4,1,1,53.57,1,0
0,,0,89,,,0,0,1,1,16,7,54,554.636,21,13,1,1,39.5,1,0
1,2,1,68,,,0,0,1,1,18,0,63,291.288,0,0,1,1,55.861,1,0
1,5,1,90,,,0,0,1,0,19,0,67,487.967,0,0,1,0,53.57,1,0
1,1.5,2,63,2.833333253860474,2.166666746139526,1,1,1,1,17,0,24,363.857,4,3,1,0,47.323,1,0
0,,0,84,,,0,0,1,1,16,0,45,175.766,6,2,0,0,82.929,1,0
1,5,2,62,5,,1,0,1,0,17,0,52,291.288,12,8,1,1,55.861,1,0
1,4.5,1,80,5,,1,0,1,1,17,0,38,291.288,12,8,1,1,55.861,1,0
1,2.799999952316284,14,72,,5,0,1,0,1,17,0,52,175.766,14,9,0,0,82.929,1,0
1,5,1,78,5,5,1,1,1,1,20,4,59,554.636,21,12,1,1,39.5,1,0
0,,0,80,,,0,0,1,0,16,0,45,291.288,0,0,1,0,55.861,1,0
0,,0,87,,,0,0,1,1,35,0,45,487.967,2,0,1,1,53.57,1,0
0,,0,85,,,0,0,1,0,18,0,45,554.636,16,9,1,1,39.5,1,0
1,2.799999952316284,5,87,5,2.666666746139526,1,1,1,0,14,0,35,291.288,7,3,1,1,55.861,1,0
0,,0,62,,,0,0,1,1,24,0,34,363.857,5,3,0,0,47.323,1,0
1,5,1,80,5,,1,0,1,1,17,0,44,363.857,7,3,1,0,47.323,1,0
1,4.300000190734863,3,77,5,2.833333253860474,1,1,1,1,18,0,56,554.636,2,1,1,1,39.5,1,0
1,5,2,76,,,0,0,1,0,17,0,52,527.056,10,7,1,0,57.339,1,0
1,5,1,73,,1,0,1,1,1,19,0,52,175.766,14,9,0,0,82.929,1,0
1,5,1,81,,5,0,1,1,0,17,0,53,527.056,22,9,0,0,57.339,1,0
1,5,1,85,5,,1,0,1,0,14,0,68,527.056,6,2,0,0,57.339,1,0
1,3.700000047683716,9,73,3,4,1,1,0,0,29,0,62,175.766,8,6,0,0,82.929,1,0
1,5,1,77,5,,1,0,1,0,27,0,41,291.288,12,6,0,0,55.861,1,0
0,,0,81,,,0,0,0,0,23,0,62,487.967,10,6,1,1,53.57,1,0
1,3.799999952316284,5,83,1,,1,0,0,0,28,0,53,554.636,1,1,1,1,39.5,1,0
1,1.299999952316284,8,60,5,5,1,1,0,0,16,0,32,363.857,4,3,1,0,47.323,1,0
1,2.799999952316284,3,77,5,3.75,1,1,1,1,16,3,51,554.636,21,12,1,1,39.5,1,0
1,3.799999952316284,3,84,,5,0,1,1,1,14,0,47,291.288,21,12,1,0,55.861,1,0
1,3.599999904632568,7,84,,5,0,1,1,0,15,0,49,291.288,9,4,1,1,55.861,1,0
0,,0,78,,,0,0,1,0,18,0,54,554.636,21,13,1,1,39.5,1,0
1,5,1,73,,5,0,1,1,1,13,0,52,291.288,21,12,1,0,55.861,1,0
0,,0,73,,,0,0,1,1,16,0,29,554.636,16,9,1,1,39.5,1,0
1,3.799999952316284,8,87,1,,1,0,0,1,19,0,69,487.967,13,4,0,0,53.57,1,0
0,,0,75,,,0,0,1,0,16,0,41,527.056,22,10,0,0,57.339,1,0
0,,0,85,,,0,0,1,1,22,0,45,487.967,4,3,1,1,53.57,1,0
1,1,2,86,4.333333492279053,5,1,1,0,0,16,0,53,363.857,13,6,1,0,47.323,1,0
1,2.5,10,68,5,,1,0,1,0,18,0,33,175.766,8,6,0,0,82.929,1,0
1,5,1,84,,,0,0,1,0,18,0,49,363.857,13,7,1,0,47.323,1,0
0,,0,63,,,0,0,1,1,17,0,42,291.288,18,9,0,0,55.861,1,0
0,,0,73,,,0,0,1,1,17,0,41,363.857,4,4,1,0,47.323,1,0
0,,0,85,,,0,0,0,1,23,0,45,554.636,1,0,1,1,39.5,1,0
0,,0,88,,,0,0,1,1,34,0,59,554.636,2,2,1,1,39.5,1,0
1,3.599999904632568,5,67,3,3.666666746139526,1,1,0,0,20,0,68,554.636,21,12,1,1,39.5,1,0
0,,0,69,,,0,0,1,0,32,0,45,527.056,1,0,1,0,57.339,1,0
1,1.5,1,75,4,,1,0,1,0,17,0,59,487.967,4,2,1,1,53.57,1,0
1,5,5,77,5,,1,0,0,0,15,0,50,487.967,6,4,1,1,53.57,1,0
0,,0,77,,,0,0,1,0,25,0,37,291.288,12,7,0,0,55.861,1,0
1,5,6,92,,4.75,0,1,1,1,14,4,75,554.636,21,12,1,1,39.5,1,0
1,2.900000095367432,4,71,5,,1,0,1,1,16,0,47,527.056,10,6,1,0,57.339,1,0
1,3,2,63,,,0,0,1,1,28,0,27,554.636,2,0,1,1,39.5,1,0
0,,0,70,,,0,0,1,1,38,0,45,554.636,7,4,1,1,39.5,1,0
0,,0,77,,,0,0,1,1,18,0,33,527.056,22,10,0,0,57.339,1,0
1,4,3,78,2,,1,0,1,0,21,0,40,554.636,0,0,1,1,39.5,1,0
1,5,1,75,5,,1,0,1,1,30,0,33,487.967,6,3,0,0,53.57,1,0
1,2.900000095367432,17,65,,5,0,1,1,1,16,0,66,487.967,11,6,1,1,53.57,1,0
1,3,1,84,5,,1,0,1,1,20,0,46,527.056,6,2,0,0,57.339,1,0
0,,0,75,,,0,0,1,1,15,0,52,527.056,5,1,0,0,57.339,1,0
0,,0,78,,,0,0,0,0,16,0,61,175.766,7,5,0,0,82.929,1,0
1,5,1,71,5,,1,0,1,1,24,0,54,291.288,21,12,1,0,55.861,1,0
1,5,1,80,3,2.5,1,1,1,0,15,0,67,291.288,9,4,1,1,55.861,1,0
0,,0,90,,,0,0,1,1,22,0,43,554.636,6,2,1,1,39.5,1,0
0,,0,72,,,0,0,1,0,21,0,72,527.056,1,0,1,0,57.339,1,0
0,,0,71,,,0,0,1,1,28,0,52,487.967,6,5,1,1,53.57,1,0
1,1,2,82,1.5,3,1,1,1,0,17,0,75,487.967,0,0,1,0,53.57,1,0
0,,0,76,,,0,0,0,1,19,0,41,527.056,22,10,0,0,57.339,1,0
0,,0,83,,,0,0,0,1,40,0,50,363.857,11,3,0,0,47.323,1,0
0,,0,55,,,0,0,1,1,17,0,25,527.056,7,2,0,0,57.339,1,0
0,,0,70,,,0,0,0,1,16,0,34,363.857,7,4,0,0,47.323,1,0
1,2.5,2,72,1,5,1,1,1,1,16,0,40,175.766,7,4,0,0,82.929,1,0
1,4.099999904632568,5,79,,1,0,1,1,1,17,0,53,527.056,22,9,0,0,57.339,1,0
0,,0,88,,,0,0,1,1,19,0,44,527.056,6,3,0,0,57.339,1,0
1,5,1,77,,5,0,1,1,1,17,0,35,291.288,12,8,1,1,55.861,1,0
1,3,2,75,3,5,1,1,1,1,15,0,55,527.056,10,6,1,0,57.339,1,0
0,,0,79,,,0,0,1,1,18,0,49,527.056,22,10,0,0,57.339,1,0
0,,0,74,,,0,0,1,0,16,0,36,291.288,12,7,0,0,55.861,1,0
1,3.799999952316284,2,84,4.5,,1,0,1,1,28,0,51,291.288,12,8,1,1,55.861,1,0
1,2.799999952316284,2,81,5,,1,0,1,1,17,0,34,554.636,3,2,1,1,39.5,1,0
1,3,6,73,,5,0,1,0,1,17,0,40,487.967,13,4,0,0,53.57,1,0
1,1.5,1,83,5,5,1,1,1,0,19,0,60,487.967,3,2,1,1,53.57,1,0
1,1,1,93,4.5,,1,0,1,1,21,0,41,175.766,7,5,0,0,82.929,1,0
1,5,1,88,5,,1,0,1,1,17,4,59,554.636,16,8,1,1,39.5,1,0
1,1.399999976158142,5,68,4,,1,0,1,0,20,0,31,487.967,3,2,1,1,53.57,1,0
1,5,1,89,,3.5,0,1,1,0,16,0,61,175.766,6,1,0,0,82.929,1,0
0,,0,78,,,0,0,1,1,33,0,67,487.967,11,7,0,0,53.57,1,0
0,,0,74,,,0,0,1,1,19,0,60,554.636,21,13,1,1,39.5,1,0
1,4.900000095367432,5,89,,4.5,0,1,0,0,35,0,76,487.967,6,4,1,1,53.57,1,0
1,5,3,87,1,,1,0,0,1,17,0,52,363.857,7,3,0,0,47.323,1,0
0,,0,84,,,0,0,1,0,16,0,38,487.967,6,4,0,0,53.57,1,0
0,,0,89,,,0,0,0,1,20,0,48,175.766,14,10,0,0,82.929,1,0
0,,0,79,,,0,0,1,1,12,0,50,554.636,7,4,1,1,39.5,1,0
1,3.5,1,69,,,0,0,1,1,14,0,44,527.056,10,7,1,0,57.339,1,0
1,5,1,90,,,0,0,1,1,18,0,52,487.967,13,5,0,0,53.57,1,0
1,4.199999809265137,3,81,3,,1,0,1,0,25,3,41,554.636,16,8,1,1,39.5,1,0
1,3.5,2,68,,1,0,1,1,1,17,0,38,554.636,3,2,1,1,39.5,1,0
0,,0,78,,,0,0,1,1,15,0,48,487.967,15,7,1,1,53.57,1,0
1,4.599999904632568,9,95,,5,0,1,1,1,15,0,82,554.636,21,12,1,1,39.5,1,0
1,4.5,1,83,2.5,1.5,1,1,1,0,17,0,57,527.056,22,9,0,0,57.339,1,0
0,,0,86,,,0,0,1,1,11,0,41,487.967,13,5,0,0,53.57,1,0
1,5,3,69,3,,1,0,1,0,13,0,33,363.857,5,2,0,0,47.323,1,0
0,,0,89,,,0,0,1,1,14,0,53,363.857,13,7,1,0,47.323,1,0
0,,0,75,,,0,0,1,0,13,0,36,291.288,12,7,0,0,55.861,1,0
1,4.800000190734863,3,95,,1,0,1,1,0,13,0,52,554.636,0,0,1,1,39.5,1,0
0,,0,92,,,0,0,1,0,14,0,51,554.636,21,13,1,1,39.5,1,0
1,5,2,85,4.75,5,1,1,1,0,15,0,60,291.288,12,8,1,1,55.861,1,0
0,,0,85,,,0,0,1,0,10,0,41,487.967,10,6,1,1,53.57,1,0
1,3.599999904632568,9,76,1,,1,0,1,1,14,0,51,487.967,15,6,1,1,53.57,1,0
1,4.400000095367432,6,71,,2,0,1,1,1,19,0,40,291.288,12,6,0,0,55.861,1,0
1,2.799999952316284,8,77,4.25,,1,0,1,0,15,0,65,487.967,4,2,1,1,53.57,1,0
1,2.200000047683716,4,68,,2.5,0,1,1,0,8,0,35,554.636,21,12,1,1,39.5,1,0
1,1,1,78,5,,1,0,1,0,21,0,42,487.967,11,6,0,0,53.57,1,0
0,,0,80,,,0,0,1,1,13,0,76,487.967,0,0,1,0,53.57,1,0
0,,0,78,,,0,0,1,1,23,0,62,487.967,14,8,1,1,53.57,1,0
0,,0,71,,,0,0,1,0,9,0,33,527.056,10,7,1,0,57.339,1,0
0,,0,69,,,0,0,1,1,12,0,39,291.288,0,0,0,0,55.861,1,0
0,,0,67,,,0,0,1,0,10,0,39,291.288,9,5,1,1,55.861,1,0
1,5,6,90,5,,1,0,1,0,13,0,42,527.056,5,3,0,0,57.339,1,0
1,1,2,79,,,0,0,1,1,10,0,38,554.636,2,0,1,1,39.5,1,0
1,4.300000190734863,3,82,4.5,,1,0,1,1,15,0,51,175.766,7,4,0,0,82.929,1,0
0,,0,70,,,0,0,1,1,16,0,65,487.967,4,3,1,1,53.57,1,0
0,,0,81,,,0,0,1,0,14,0,50,363.857,5,3,0,0,47.323,1,0
1,1,1,75,,,0,0,1,1,15,0,55,23.548,0,0,0,0,56.587,1,0
1,5,4,90,5,,1,0,1,0,14,0,58,554.636,7,5,1,1,39.5,1,0
0,,0,85,,,0,0,1,1,12,0,47,291.288,18,9,0,0,55.861,1,0
0,,0,83,,,0,0,1,0,9,0,37,291.288,18,9,0,0,55.861,1,0
1,5,1,91,5,,1,0,1,0,14,0,60,527.056,10,6,1,0,57.339,1,0
0,,0,77,,,0,0,1,0,13,0,45,291.288,18,9,0,0,55.861,1,0
1,1,1,73,5,,1,0,0,0,8,0,53,527.056,3,1,1,0,57.339,1,0
1,5,1,76,,5,0,1,1,0,11,0,47,291.288,12,6,0,0,55.861,1,0
1,4.199999809265137,5,79,4.75,,1,0,1,1,16,0,46,487.967,11,6,0,0,53.57,1,0
1,5,1,83,,,0,0,1,0,10,0,32,554.636,1,1,1,1,39.5,1,0
1,4.800000190734863,3,86,3,,1,0,1,0,14,0,52,291.288,21,12,1,0,55.861,1,0
1,5,2,86,,,0,0,1,0,15,0,57,175.766,6,2,0,0,82.929,1,0
1,5,3,82,5,5,1,1,1,1,13,0,43,527.056,5,3,0,0,57.339,1,0
1,4.099999904632568,9,71,,1.5,0,1,1,1,13,0,31,175.766,14,9,0,0,82.929,1,0
1,3.5,2,81,,5,0,1,0,1,13,0,60,527.056,22,9,0,0,57.339,1,0
1,3,2,78,5,3.125,1,1,1,1,13,0,41,363.857,5,2,0,0,47.323,1,0
1,5,1,69,5,1,1,1,1,1,14,0,42,291.288,21,12,1,0,55.861,1,0
1,3.200000047683716,2,64,1,,1,0,1,0,14,0,32,363.857,4,3,1,0,47.323,1,0
0,,0,64,,,0,0,1,0,14,0,47,487.967,10,6,1,1,53.57,1,0
0,,0,73,,,0,0,1,1,14,0,71,487.967,11,7,1,1,53.57,1,0
0,,0,87,,,0,0,1,1,11,0,51,554.636,7,4,1,1,39.5,1,0
1,5,1,78,,5,0,1,1,0,13,0,56,291.288,12,8,1,1,55.861,1,0
1,4.099999904632568,7,86,1,,1,0,1,1,14,0,76,487.967,0,0,1,0,53.57,1,0
0,,0,74,,,0,0,1,1,13,0,35,527.056,5,1,0,0,57.339,1,0
0,,0,77,,,0,0,1,1,10,0,44,175.766,8,7,0,0,82.929,1,0
1,5,3,90,5,,1,0,1,1,12,0,45,363.857,13,6,1,0,47.323,1,0
1,4.400000095367432,5,83,,3,0,1,0,1,11,0,48,175.766,8,6,0,0,82.929,1,0
1,5,2,79,5,3,1,1,1,0,13,0,53,291.288,7,3,1,1,55.861,1,0
0,,0,90,,,0,0,0,0,14,0,49,487.967,10,6,1,1,53.57,1,0
1,1,1,79,,,0,0,1,0,17,0,53,291.288,18,9,0,0,55.861,1,0
0,,0,73,,,0,0,1,1,8,0,33,487.967,13,5,0,0,53.57,1,0
0,,0,67,,,0,0,1,0,13,0,38,175.766,14,10,0,0,82.929,1,0
0,,0,80,,,0,0,0,1,10,0,47,291.288,21,13,1,0,55.861,1,0
0,,0,77,,,0,0,1,0,11,0,31,291.288,9,5,1,1,55.861,1,0
1,5,1,81,,,0,0,1,1,10,0,34,291.288,12,7,0,0,55.861,1,0
0,,0,84,,,0,0,1,0,10,0,79,554.636,16,9,1,1,39.5,1,0
1,4,1,86,2.666666746139526,,1,0,1,1,9,0,50,291.288,18,8,0,0,55.861,1,0
0,,0,77,,,0,0,1,0,13,0,36,363.857,13,7,1,0,47.323,1,0
0,,0,72,,,0,0,1,0,14,0,50,527.056,5,4,0,0,57.339,1,0
1,2.200000047683716,4,74,1.5,,1,0,1,0,14,0,50,554.636,21,12,1,1,39.5,1,0
1,5,5,85,5,,1,0,1,1,13,0,47,554.636,16,8,1,1,39.5,1,0
1,3.5,2,70,,1.5,0,1,1,0,11,0,48,291.288,18,8,0,0,55.861,1,0
1,5,1,78,5,,1,0,1,1,12,0,46,291.288,18,8,0,0,55.861,1,0
1,5,2,87,,5,0,1,1,0,14,0,73,487.967,11,6,1,1,53.57,1,0
0,,0,74,,,0,0,1,1,12,0,49,554.636,3,0,0,0,39.5,1,0
1,4.800000190734863,2,85,5,5,1,1,0,0,13,0,40,175.766,7,5,0,0,82.929,1,0
1,4.800000190734863,4,83,3.5,5,1,1,1,0,14,0,63,175.766,14,9,0,0,82.929,1,0
1,3.400000095367432,4,81,5,,1,0,1,1,11,8,43,554.636,21,12,1,1,39.5,1,0
1,4.800000190734863,3,89,4,5,1,1,1,0,9,0,72,291.288,2,2,1,1,55.861,1,0
1,1,1,85,5,,1,0,1,1,13,0,54,554.636,7,5,1,1,39.5,1,0
0,,0,77,,,0,0,0,1,36,0,29,487.967,6,5,1,1,53.57,1,0
0,,0,68,,,0,0,0,1,41,0,21,487.967,2,0,1,1,53.57,1,0
0,,0,85,,,0,0,1,1,23,0,53,291.288,18,9,0,0,55.861,1,0
1,5,2,81,1.5,4.5,1,1,1,0,20,0,55,487.967,11,6,1,1,53.57,1,0
1,4.400000095367432,7,68,5,,1,0,1,0,21,0,31,291.288,18,8,0,0,55.861,1,0
1,3.799999952316284,5,69,3.666666746139526,5,1,1,1,0,28,0,34,487.967,0,0,1,1,53.57,1,0
1,3.900000095367432,8,88,5,5,1,1,1,0,16,0,49,175.766,6,1,0,0,82.929,1,0
0,,0,87,,,0,0,1,1,14,0,43,527.056,5,1,0,0,57.339,1,0
1,4.800000190734863,2,75,5,,1,0,0,0,15,0,31,554.636,7,3,1,1,39.5,1,0
1,3.400000095367432,7,79,,5,0,1,1,0,10,0,41,363.857,11,2,0,0,47.323,1,0
1,1.5,3,85,,,0,0,1,1,8,0,53,554.636,21,13,1,1,39.5,1,0
0,,0,76,,,0,0,1,0,8,0,34,363.857,13,7,1,0,47.323,1,0
0,,0,76,,,0,0,1,1,7,0,40,291.288,12,9,1,1,55.861,1,0
0,,0,65,,,0,0,1,1,7,0,37,527.056,3,2,1,0,57.339,1,0
1,5,2,84,3.785714387893677,,1,0,1,1,32,0,75,654.88,17,9,1,1,39.277,0,0
1,4,1,65,4.75,,1,0,1,1,32,0,71,654.88,16,5,1,0,39.277,0,0
0,,0,82,,,0,0,0,1,34,0,65,184.006,2,2,0,0,48.347,0,0
0,,0,76,,,0,0,1,1,36,0,63,654.88,12,7,0,0,39.277,0,0
0,,0,84,,,0,0,0,1,32,0,51,654.88,22,7,1,1,39.277,0,0
1,5,2,77,,,0,0,1,1,34,0,74,451.086,20,7,1,1,61.455,0,0
0,,0,84,,,0,0,1,1,34,0,65,451.086,20,7,1,1,61.455,0,0
1,4.5,2,85,,5,0,1,1,1,34,0,64,654.88,7,3,1,1,39.277,0,0
1,5,1,77,,,0,0,1,1,47,0,63,654.88,5,3,0,0,39.277,0,0
1,5,1,89,5,,1,0,1,1,32,0,77,451.086,25,15,0,0,61.455,0,0
0,,0,88,,,0,0,1,1,47,0,73,654.88,27,11,1,1,39.277,0,0
1,3,1,79,5,1,1,1,1,1,32,0,80,451.086,25,15,0,0,61.455,0,0
0,,0,88,,,0,0,0,1,38,0,53,654.88,2,0,0,0,39.277,0,0
0,,0,75,,,0,0,0,1,48,0,74,654.88,22,7,1,1,39.277,0,0
0,,0,93,,,0,0,1,1,34,10,97,451.086,2,1,0,0,61.455,0,0
1,4.599999904632568,9,82,5,1,1,1,0,1,35,7,64,451.086,25,15,0,0,61.455,0,0
0,,0,73,,,0,0,1,1,35,0,59,654.88,22,7,1,1,39.277,0,0
0,,0,77,,,0,0,0,1,36,0,42,654.88,23,9,1,1,39.277,0,0
0,,0,94,,,0,0,0,1,38,0,62,654.88,2,0,0,0,39.277,0,0
0,,0,71,,,0,0,1,1,29,0,61,654.88,17,10,1,1,39.277,0,0
1,5,2,86,1,4.5,1,1,0,1,35,0,50,654.88,23,8,1,1,39.277,0,0
1,5,1,89,5,,1,0,0,1,46,0,73,157.882,9,5,1,1,33.784,0,0
1,5,1,83,5,,1,0,1,1,37,0,64,654.88,27,10,1,1,39.277,0,0
1,5,1,82,,5,0,1,1,1,31,0,64,157.882,9,5,1,1,33.784,0,0
1,5,1,82,,,0,0,1,1,34,0,89,451.086,25,16,0,0,61.455,0,0
1,5,1,87,1.5,2,1,1,1,1,29,0,87,654.88,11,6,1,1,39.277,0,0
0,,0,74,,,0,0,1,1,33,0,67,451.086,7,1,0,0,61.455,0,0
1,2.5,1,73,,5,0,1,1,1,35,0,64,654.88,2,1,1,0,39.277,0,0
1,1,1,75,,,0,0,1,1,39,0,67,654.88,1,0,1,0,39.277,0,0
1,2.200000047683716,2,74,5,4.5,1,1,0,1,34,0,64,654.88,13,4,1,0,39.277,0,0
1,1,1,86,,,0,0,1,1,35,0,74,654.88,27,11,1,1,39.277,0,0
0,,0,87,,,0,0,1,1,50,0,56,654.88,27,11,1,1,39.277,0,0
1,3.200000047683716,3,88,,5,0,1,1,1,28,0,71,654.88,2,1,1,0,39.277,0,0
0,,0,76,,,0,0,1,1,31,0,60,451.086,26,18,1,0,61.455,0,0
0,,0,84,,,0,0,0,1,38,0,60,654.88,1,1,1,0,39.277,0,0
0,,0,81,,,0,0,0,1,41,0,65,654.88,23,9,1,1,39.277,0,0
1,3.700000047683716,3,88,,1,0,1,1,1,37,0,85,654.88,27,10,1,1,39.277,0,0
1,5,1,81,4.75,3,1,1,1,1,30,0,69,451.086,2,0,0,0,61.455,0,0
0,,0,83,,,0,0,1,1,36,0,78,73.78100000000001,3,1,0,0,55.849,0,0
0,,0,74,,,0,0,1,0,36,0,74,654.88,17,10,1,1,39.277,0,0
0,,0,79,,,0,0,1,1,33,0,62,451.086,20,7,1,1,61.455,0,0
0,,0,74,,,0,0,1,1,34,0,46,654.88,27,11,1,1,39.277,0,0
0,,0,79,,,0,0,1,1,35,0,84,451.086,20,7,1,1,61.455,0,0
1,4.800000190734863,2,86,,1.75,0,1,1,1,32,0,74,451.086,26,17,1,0,61.455,0,0
0,,0,74,,,0,0,1,1,38,3,83,451.086,20,7,1,1,61.455,0,0
0,,0,93,,,0,0,1,1,38,0,105,654.88,13,0,0,0,39.277,0,0
1,4,1,77,,,0,0,0,0,35,0,47,451.086,1,0,0,0,61.455,0,0
0,,0,78,,,0,0,0,1,35,0,42,451.086,1,0,0,0,61.455,0,0
1,5,5,89,,5,0,1,1,1,34,8,89,654.88,27,10,1,1,39.277,0,0
0,,0,79,,,0,0,1,1,33,0,96,451.086,20,7,1,1,61.455,0,0
1,5,1,87,4.142857074737549,,1,0,0,1,35,0,78,654.88,7,3,1,1,39.277,0,0
0,,0,78,,,0,0,1,1,38,0,70,157.882,0,0,1,1,33.784,0,0
0,,0,87,,,0,0,1,1,32,3,89,654.88,27,11,1,1,39.277,0,0
0,,0,78,,,0,0,1,1,43,0,56,654.88,27,11,1,1,39.277,0,0
0,,0,84,,,0,0,0,1,32,0,59,654.88,8,4,1,0,39.277,0,0
0,,0,77,,,0,0,1,1,31,0,65,654.88,27,11,1,1,39.277,0,0
1,5,1,81,,,0,0,1,0,32,0,74,451.086,25,16,0,0,61.455,0,0
0,,0,68,,,0,0,1,1,49,0,54,451.086,7,1,0,0,61.455,0,0
1,4,5,86,,5,0,1,1,1,42,0,87,654.88,16,7,1,1,39.277,0,0
1,3,1,80,,,0,0,0,1,36,0,66,654.88,11,8,1,1,39.277,0,0
0,,0,83,,,0,0,1,1,32,0,60,16.653,0,0,0,0,30.731,0,0
1,5,1,77,3.5,,1,0,1,1,34,6,51,451.086,20,6,1,1,61.455,0,0
1,5,2,78,5,5,1,1,1,1,48,0,71,654.88,22,6,1,1,39.277,0,0
0,,0,95,,,0,0,1,1,33,0,94,654.88,16,6,1,0,39.277,0,0
0,,0,89,,,0,0,0,1,58,0,55,184.006,5,3,0,0,48.347,0,0
1,2.900000095367432,5,75,5,,1,0,1,1,33,0,85,654.88,12,6,0,0,39.277,0,0
1,3.900000095367432,5,88,1,,1,0,0,1,41,0,66,654.88,11,6,1,1,39.277,0,0
1,3.400000095367432,5,77,,5,0,1,0,1,39,0,43,654.88,22,6,1,1,39.277,0,0
1,4.199999809265137,5,94,,4.5,0,1,1,1,26,0,82,157.882,2,0,1,1,33.784,0,0
1,5,1,92,5,,1,0,1,1,26,10,90,654.88,17,9,1,1,39.277,0,0
0,,0,86,,,0,0,1,1,26,0,77,654.88,11,7,1,1,39.277,0,0
1,3.299999952316284,3,77,4.5,,1,0,0,1,25,0,51,32.96,0,0,0,0,38.235,0,0
0,,0,82,,,0,0,1,1,29,0,62,184.006,21,9,0,0,48.347,0,0
1,2.799999952316284,4,76,5,,1,0,1,1,32,0,63,184.006,2,1,0,0,48.347,0,0
0,,0,76,,,0,0,1,1,27,0,46,157.882,4,1,1,1,33.784,0,0
1,1,1,83,,,0,0,1,1,38,0,87,654.88,27,11,1,1,39.277,0,0
1,4,1,86,,,0,0,1,1,31,3,87,654.88,13,0,0,0,39.277,0,0
0,,0,93,,,0,0,1,1,33,0,68,654.88,13,0,0,0,39.277,0,0
0,,0,85,,,0,0,1,1,27,0,52,28.351,2,0,0,0,46.665,0,0
0,,0,85,,,0,0,1,1,27,0,63,184.006,16,8,0,0,48.347,0,0
0,,0,84,,,0,0,1,1,34,0,89,184.006,16,8,0,0,48.347,0,0
1,3.5,11,76,5,,1,0,1,1,30,0,63,654.88,16,7,1,1,39.277,0,0
0,,0,82,,,0,0,1,1,26,0,57,451.086,7,4,0,0,61.455,0,0
0,,0,87,,,0,0,1,1,32,0,74,654.88,11,8,1,1,39.277,0,0
0,,0,86,,,0,0,1,1,29,0,78,184.006,21,9,0,0,48.347,0,0
1,3.200000047683716,5,82,2.1875,5,1,1,1,0,26,0,72,451.086,26,17,1,0,61.455,0,0
0,,0,74,,,0,0,0,1,24,0,33,184.006,5,3,0,0,48.347,0,0
1,5,1,81,5,,1,0,1,1,28,0,65,451.086,7,3,0,0,61.455,0,0
1,5,1,96,5,,1,0,1,1,36,4,100,451.086,12,7,1,0,61.455,0,0
1,1,3,89,4,,1,0,1,1,26,0,44,451.086,26,17,1,0,61.455,0,0
1,1,1,65,,,0,0,0,1,40,0,64,654.88,6,3,0,0,39.277,0,0
1,5,1,77,1.875,3,1,1,0,1,41,0,62,654.88,6,2,0,0,39.277,0,0
0,,0,82,,,0,0,0,1,31,0,51,157.882,4,1,1,1,33.784,0,0
0,,0,87,,,0,0,1,0,25,0,80,451.086,3,0,0,0,61.455,0,0
1,4.199999809265137,9,82,2.666666746139526,,1,0,1,1,30,0,62,451.086,20,6,1,1,61.455,0,0
1,1.799999952316284,2,75,3.5,,1,0,1,1,29,0,67,157.882,4,0,1,1,33.784,0,0
0,,0,65,,,0,0,1,0,31,0,71,451.086,25,16,0,0,61.455,0,0
0,,0,87,,,0,0,1,1,27,0,64,451.086,3,0,0,0,61.455,0,0
1,5,4,83,,3.5,0,1,1,0,13,0,60,451.086,25,15,0,0,61.455,0,0
1,1,1,79,,,0,0,1,1,32,0,52,157.882,5,1,1,1,33.784,0,0
0,,0,79,,,0,0,1,1,35,0,62,654.88,2,2,1,0,39.277,0,0
0,,0,85,,,0,0,1,1,27,0,83,654.88,6,3,1,1,39.277,0,0
1,5,1,85,,5,0,1,1,1,32,0,55,451.086,26,17,1,0,61.455,0,0
1,3.900000095367432,4,78,5,,1,0,1,0,25,0,48,451.086,10,5,0,0,61.455,0,0
0,,0,82,,,0,0,1,0,30,0,72,654.88,27,11,1,1,39.277,0,0
0,,0,78,,,0,0,1,0,35,0,71,654.88,13,0,0,0,39.277,0,0
0,,0,68,,,0,0,1,1,25,0,35,451.086,12,8,1,0,61.455,0,0
0,,0,90,,,0,0,1,1,25,0,48,28.351,2,0,0,0,46.665,0,0
1,4,1,71,5,,1,0,1,1,24,0,52,73.78100000000001,3,0,0,0,55.849,0,0
1,3.200000047683716,10,76,,,0,0,0,0,28,0,65,654.88,12,7,0,0,39.277,0,0
1,2.900000095367432,4,76,1,,1,0,1,1,26,0,56,451.086,7,3,0,0,61.455,0,0
1,4,3,79,5,,1,0,1,1,26,0,44,451.086,7,3,0,0,61.455,0,0
1,2.299999952316284,3,85,5,,1,0,1,0,30,0,59,451.086,9,6,0,0,61.455,0,0
0,,0,82,,,0,0,1,1,33,0,28,451.086,9,7,0,0,61.455,0,0
1,3,2,84,5,4.5,1,1,1,1,25,0,57,451.086,8,3,0,0,61.455,0,0
0,,0,87,,,0,0,1,1,33,0,58,451.086,8,4,0,0,61.455,0,0
1,5,2,87,,,0,0,0,1,25,0,75,654.88,13,0,0,0,39.277,0,0
1,3.700000047683716,11,76,4.5,5,1,1,1,1,24,0,73,654.88,11,7,1,1,39.277,0,0
0,,0,86,,,0,0,1,1,26,0,85,654.88,27,11,1,1,39.277,0,0
1,5,2,84,3,,1,0,1,1,31,0,60,654.88,16,7,1,1,39.277,0,0
0,,0,81,,,0,0,1,1,31,0,75,654.88,16,8,1,1,39.277,0,0
0,,0,79,,,0,0,0,1,29,0,52,654.88,3,0,0,0,39.277,0,0
1,5,1,89,3,,1,0,1,1,25,0,97,451.086,25,15,0,0,61.455,0,0
0,,0,70,,,0,0,1,1,23,0,57,451.086,8,4,0,0,61.455,0,0
1,4.099999904632568,4,65,,5,0,1,1,1,23,0,34,451.086,9,6,0,0,61.455,0,0
1,5,1,84,,,0,0,0,1,23,0,60,654.88,11,8,1,1,39.277,0,0
0,,0,75,,,0,0,1,1,24,0,44,451.086,2,1,0,0,61.455,0,0
1,4.400000095367432,20,88,1.75,,1,0,1,1,23,0,52,451.086,26,17,1,0,61.455,0,0
1,5,3,75,,5,0,1,1,1,23,0,48,451.086,26,17,1,0,61.455,0,0
1,5,2,85,,5,0,1,1,1,23,0,62,451.086,26,17,1,0,61.455,0,0
0,,0,84,,,0,0,1,1,23,0,79,157.882,2,1,1,1,33.784,0,0
1,5,3,84,,1,0,1,1,1,23,0,52,451.086,26,17,1,0,61.455,0,0
1,5,1,87,5,,1,0,1,1,23,3,87,654.88,17,9,1,1,39.277,0,0
1,2.900000095367432,5,79,4,5,1,1,0,1,24,0,66,654.88,11,7,1,1,39.277,0,0
1,5,1,86,5,,1,0,1,1,25,3,86,654.88,27,10,1,1,39.277,0,0
0,,0,80,,,0,0,1,1,27,0,53,654.88,7,4,1,1,39.277,0,0
1,4.800000190734863,3,83,,5,0,1,0,0,28,0,60,451.086,25,15,0,0,61.455,0,0
1,3.799999952316284,4,76,5,,1,0,0,1,34,0,65,654.88,7,2,1,0,39.277,0,0
0,,0,69,,,0,0,0,0,32,0,49,654.88,7,3,1,0,39.277,0,0
0,,0,85,,,0,0,1,0,26,0,63,451.086,0,0,0,0,61.455,0,0
1,4.199999809265137,10,87,,,0,0,1,1,25,0,64,451.086,19,15,0,0,61.455,0,0
0,,,86,4,,1,0,1,0,25,0,75,451.086,19,14,0,0,61.455,0,0
1,5,1,86,5,,1,0,0,1,48,0,73,184.006,21,8,0,0,48.347,0,0
1,4.099999904632568,5,80,,5,0,1,0,1,27,0,60,23.354,0,0,0,0,41.886,0,0
0,,0,86,,,0,0,0,1,27,0,76,184.006,21,9,0,0,48.347,0,0
0,,0,80,,,0,0,1,1,24,0,77,184.006,16,6,0,0,48.347,0,0
1,5,1,85,,,0,0,0,1,35,0,75,184.006,21,9,0,0,48.347,0,0
1,5,1,92,,5,0,1,1,1,30,0,94,184.006,21,8,0,0,48.347,0,0
1,3.799999952316284,4,84,1,,1,0,1,1,23,0,44,184.006,5,2,0,0,48.347,0,0
1,3.700000047683716,3,84,5,,1,0,1,1,24,0,50,184.006,4,2,0,0,48.347,0,0
0,,0,88,,,0,0,1,0,28,0,87,184.006,21,9,0,0,48.347,0,0
0,,0,92,,,0,0,1,1,28,0,68,654.88,27,11,1,1,39.277,0,0
0,,0,86,,,0,0,1,1,26,0,72,451.086,20,7,0,0,61.455,0,0
0,,0,85,,,0,0,1,0,31,0,85,451.086,12,5,0,0,61.455,0,0
0,,0,74,,,0,0,0,1,38,0,42,157.882,4,1,1,1,33.784,0,0
1,3.299999952316284,3,91,5,,1,0,1,1,23,3,74,654.88,6,2,0,0,39.277,0,0
1,4.699999809265137,3,83,3.666666746139526,,1,0,1,1,23,4,95,451.086,25,15,0,0,61.455,0,0
1,4.300000190734863,6,81,1,5,1,1,1,0,31,0,64,654.88,16,5,1,0,39.277,0,0
0,,0,80,,,0,0,1,1,28,0,63,451.086,7,4,0,0,61.455,0,0
1,3.200000047683716,2,84,4.5,,1,0,1,1,22,0,69,184.006,21,8,0,0,48.347,0,0
0,,0,77,,,0,0,0,1,23,0,71,654.88,8,4,1,0,39.277,0,0
0,,0,77,,,0,0,1,0,23,0,66,73.78100000000001,0,0,0,0,55.849,0,0
1,5,1,87,,2,0,1,1,1,30,0,54,451.086,8,0,0,0,61.455,0,0
1,5,2,81,5,5,1,1,0,1,28,0,34,654.88,11,7,1,1,39.277,0,0
0,,0,76,,,0,0,1,1,37,0,64,451.086,7,1,0,0,61.455,0,0
0,,0,72,,,0,0,0,0,28,0,46,451.086,26,18,1,0,61.455,0,0
0,,0,89,,,0,0,1,0,24,3,81,654.88,7,3,1,0,39.277,0,0
0,,0,78,,,0,0,1,1,25,0,63,451.086,2,1,0,0,61.455,0,0
1,5,4,92,1,,1,0,1,1,22,0,65,451.086,0,0,0,0,61.455,0,0
1,3.200000047683716,2,84,3.333333253860474,1,1,1,0,1,33,0,67,23.354,4,1,0,0,41.886,0,0
0,,0,81,,,0,0,1,1,22,0,56,654.88,12,7,0,0,39.277,0,0
1,5,3,91,,4.75,0,1,1,1,23,0,61,654.88,27,10,1,1,39.277,0,0
0,,0,79,,,0,0,1,1,21,0,54,451.086,8,4,0,0,61.455,0,0
1,2.799999952316284,4,74,5,,1,0,1,1,30,0,80,654.88,17,9,1,1,39.277,0,0
0,,0,78,,,0,0,1,0,21,3,81,654.88,7,3,1,0,39.277,0,0
1,5,1,91,,,0,0,1,1,21,0,82,451.086,12,8,1,0,61.455,0,0
1,5,5,83,4.333333492279053,2,1,1,1,1,23,0,47,451.086,10,5,0,0,61.455,0,0
0,,0,88,,,0,0,1,1,29,0,65,184.006,4,3,0,0,48.347,0,0
1,4,1,74,,,0,0,0,0,22,0,62,654.88,22,7,1,1,39.277,0,0
1,5,5,82,5,,1,0,1,0,21,0,73,451.086,19,14,0,0,61.455,0,0
1,5,5,79,5,5,1,1,1,1,21,0,50,654.88,6,4,1,1,39.277,0,0
0,,0,82,,,0,0,1,1,23,0,32,157.882,4,1,1,1,33.784,0,0
1,4.900000095367432,5,84,,,0,0,1,0,27,0,72,451.086,8,1,0,0,61.455,0,0
0,,0,71,,,0,0,1,1,24,0,55,23.354,4,2,0,0,41.886,0,0
0,,0,82,,,0,0,1,0,31,0,78,451.086,25,16,0,0,61.455,0,0
0,,0,79,,,0,0,1,1,20,0,61,451.086,12,5,0,0,61.455,0,0
0,,0,81,,,0,0,1,1,29,0,56,654.88,11,7,1,1,39.277,0,0
1,3,1,50,5,,1,0,1,0,30,0,52,451.086,19,14,0,0,61.455,0,0
0,,0,73,,,0,0,0,1,43,0,64,18.979,2,1,0,0,41.629,0,0
0,,0,82,,,0,0,1,1,28,0,49,451.086,10,6,0,0,61.455,0,0
1,5,3,73,2,,1,0,1,1,20,0,65,451.086,25,15,0,0,61.455,0,0
0,,0,67,,,0,0,0,0,24,0,37,451.086,8,1,0,0,61.455,0,0
0,,0,77,,,0,0,0,1,24,0,46,654.88,13,5,1,0,39.277,0,0
1,4.599999904632568,7,90,,4.75,0,1,1,1,26,0,36,68.691,8,3,0,0,48.114,0,0
1,5,1,80,,,0,0,0,1,53,0,72,82.092,6,3,0,0,49.562,0,0
1,4.599999904632568,4,91,5,,1,0,1,1,26,0,62,68.691,8,3,0,0,48.114,0,0
1,2.5,1,77,5,,1,0,1,1,21,0,45,451.086,9,6,0,0,61.455,0,0
0,,0,74,,,0,0,1,1,29,0,48,654.88,11,7,1,1,39.277,0,0
1,4,12,71,1,,1,0,0,1,27,0,53,451.086,4,4,0,0,61.455,0,0
1,5,3,78,,1,0,1,1,1,31,0,53,451.086,12,4,0,0,61.455,0,0
1,4,3,81,,4.5,0,1,1,1,32,0,76,654.88,27,10,1,1,39.277,0,0
1,5,2,84,,1,0,1,0,1,37,0,64,654.88,5,2,1,0,39.277,0,0
0,,0,81,,,0,0,1,1,20,0,82,451.086,7,1,0,0,61.455,0,0
0,,0,80,,,0,0,1,1,31,0,31,451.086,26,18,1,0,61.455,0,0
1,3.200000047683716,11,79,4.5,,1,0,1,0,26,0,55,451.086,0,0,0,0,61.455,0,0
1,5,1,81,3,2.666666746139526,1,1,1,1,32,0,70,82.092,4,2,0,0,49.562,0,0
1,2.5,1,82,,5,0,1,0,1,23,0,48,654.88,6,2,0,0,39.277,0,0
0,,0,70,,,0,0,0,1,24,0,40,451.086,10,6,0,0,61.455,0,0
1,2.5,1,87,,5,0,1,1,0,20,0,84,451.086,25,15,0,0,61.455,0,0
1,5,3,75,1,,1,0,1,1,25,0,52,82.092,4,2,0,0,49.562,0,0
0,,0,83,,,0,0,1,1,30,0,46,654.88,3,0,0,0,39.277,0,0
1,5,1,90,,5,0,1,1,0,20,0,78,654.88,6,2,1,1,39.277,0,0
1,3.200000047683716,2,80,,3,0,1,1,1,20,0,39,451.086,10,5,0,0,61.455,0,0
1,3.5,2,68,4.166666507720947,5,1,1,1,1,26,0,47,451.086,19,14,0,0,61.455,0,0
1,5,1,81,5,,1,0,1,1,20,0,70,157.882,9,5,1,1,33.784,0,0
1,1,2,68,,,0,0,1,0,20,0,65,654.88,13,5,1,0,39.277,0,0
0,,0,62,,,0,0,1,0,22,0,43,451.086,10,6,0,0,61.455,0,0
0,,0,91,,,0,0,1,1,38,4,91,451.086,12,5,0,0,61.455,0,0
0,,0,70,,,0,0,1,0,21,0,56,32.96,6,3,0,0,38.235,0,0
1,5,3,77,5,5,1,1,1,1,21,0,53,157.882,9,5,1,1,33.784,0,0
0,,0,74,,,0,0,1,0,27,0,25,654.88,22,7,1,1,39.277,0,0
0,,0,88,,,0,0,1,1,27,5,89,654.88,23,9,1,1,39.277,0,0
1,5,2,80,,,0,0,0,1,26,0,65,184.006,2,1,0,0,48.347,0,0
1,5,1,79,4.5,,1,0,1,1,23,0,66,654.88,4,1,1,0,39.277,0,0
0,,0,89,,,0,0,1,0,19,0,44,157.882,5,1,1,1,33.784,0,0
1,5,2,88,5,,1,0,1,1,27,0,67,654.88,17,9,1,1,39.277,0,0
0,,0,85,,,0,0,1,1,37,4,90,654.88,23,9,1,1,39.277,0,0
1,1.799999952316284,2,59,2,5,1,1,0,0,19,0,56,184.006,2,1,0,0,48.347,0,0
1,4.599999904632568,8,85,,5,0,1,1,1,19,0,62,451.086,10,5,0,0,61.455,0,0
1,1,2,64,,,0,0,1,0,18,0,50,451.086,26,18,1,0,61.455,0,0
1,5,1,90,,,0,0,0,1,42,0,50,654.88,23,9,1,1,39.277,0,0
1,3,2,64,,4,0,1,1,1,19,0,49,654.88,11,6,1,1,39.277,0,0
1,5,8,87,3.166666746139526,1.375,1,1,1,0,27,0,62,451.086,26,17,1,0,61.455,0,0
0,,0,75,,,0,0,0,1,33,0,46,654.88,3,0,1,0,39.277,0,0
1,4,1,77,,,0,0,0,1,31,0,55,654.88,16,6,1,0,39.277,0,0
1,2.200000047683716,3,55,2.666666746139526,,1,0,1,0,19,0,64,654.88,13,4,1,0,39.277,0,0
1,5,1,80,,5,0,1,1,1,25,0,55,451.086,4,4,0,0,61.455,0,0
1,5,2,91,,1,0,1,1,1,25,0,71,451.086,2,0,0,0,61.455,0,0
1,5,1,83,4.5,5,1,1,0,1,47,0,66,184.006,4,2,0,0,48.347,0,0
1,3.700000047683716,3,88,5,,1,0,1,1,19,0,67,451.086,8,3,0,0,61.455,0,0
1,3.5,2,83,,2,0,1,1,1,34,0,100,451.086,10,5,0,0,61.455,0,0
0,,0,84,,,0,0,1,1,38,0,69,654.88,13,0,1,1,39.277,0,0
1,4,7,84,5,,1,0,1,1,19,0,67,654.88,16,7,1,1,39.277,0,0
1,1,1,83,5,,1,0,1,0,28,0,35,157.882,9,0,1,1,33.784,0,0
1,5,1,90,1,5,1,1,1,1,32,0,89,654.88,13,4,1,0,39.277,0,0
0,,0,89,,,0,0,0,1,30,0,69,654.88,23,9,1,1,39.277,0,0
1,5,2,81,2.599999904632568,2.333333253860474,1,1,1,1,19,0,53,654.88,17,9,0,0,39.277,0,0
1,5,2,79,4.166666507720947,,1,0,1,1,19,0,67,451.086,26,17,1,0,61.455,0,0
1,5,1,90,4.5,,1,0,1,0,19,0,75,451.086,25,15,0,0,61.455,0,0
0,,0,81,,,0,0,1,1,19,0,49,654.88,3,0,1,0,39.277,0,0
1,1.5,1,74,,,0,0,1,0,19,0,50,451.086,20,7,1,1,61.455,0,0
0,,0,92,,,0,0,1,1,34,0,87,451.086,12,5,0,0,61.455,0,0
0,,0,74,,,0,0,1,1,27,0,56,654.88,6,3,0,0,39.277,0,0
1,4.099999904632568,4,90,,,0,0,0,0,27,0,66,451.086,3,1,0,0,61.455,0,0
0,,0,76,,,0,0,1,0,20,0,55,451.086,3,0,0,0,61.455,0,0
1,3,2,77,,,0,0,1,1,19,0,47,451.086,20,7,1,1,61.455,0,0
1,2.700000047683716,3,72,,,0,0,1,0,27,0,52,68.691,8,4,0,0,48.114,0,0
0,,0,76,,,0,0,1,1,27,0,51,68.691,8,4,0,0,48.114,0,0
0,,0,75,,,0,0,1,1,31,0,44,68.691,8,4,0,0,48.114,0,0
0,,0,76,,,0,0,1,1,22,0,28,28.351,0,0,0,0,46.665,0,0
1,5,1,83,5,,1,0,1,1,32,0,71,32.96,6,2,0,0,38.235,0,0
1,5,3,86,5,,1,0,1,1,19,0,55,654.88,5,2,1,1,39.277,0,0
0,,0,75,,,0,0,1,0,22,0,26,157.882,9,1,1,1,33.784,0,0
0,,0,92,,,0,0,1,1,25,3,87,451.086,3,0,0,0,61.455,0,0
0,,0,95,,,0,0,1,1,31,0,73,654.88,23,9,1,1,39.277,0,0
1,5,2,85,5,,1,0,1,0,20,0,77,654.88,7,3,1,1,39.277,0,0
0,,,80,,4,0,1,1,0,20,0,57,32.96,6,2,0,0,38.235,0,0
1,5,3,71,,,0,0,0,1,20,0,32,451.086,8,1,0,0,61.455,0,0
0,,0,81,,,0,0,1,1,26,0,49,24.784,3,1,0,0,39.052,0,0
0,,0,77,,,0,0,1,0,31,0,62,654.88,13,5,1,0,39.277,0,0
1,1,1,87,,,0,0,1,1,18,0,85,654.88,16,6,0,0,39.277,0,0
1,1.700000047683716,3,61,,1,0,1,1,1,34,0,65,654.88,4,1,1,0,39.277,0,0
0,,0,88,,,0,0,1,1,27,0,61,654.88,16,6,1,0,39.277,0,0
1,5,1,89,3.700000047683716,,1,0,0,1,19,0,64,32.96,0,0,0,0,38.235,0,0
1,5,2,83,1.333333373069763,4.166666507720947,1,1,1,1,18,0,60,654.88,17,9,1,1,39.277,0,0
0,,0,92,,,0,0,1,0,19,0,76,654.88,17,10,1,1,39.277,0,0
0,,0,81,,,0,0,1,0,17,0,82,451.086,25,16,0,0,61.455,0,0
0,,0,73,,,0,0,1,1,21,0,46,451.086,2,0,0,0,61.455,0,0
0,,0,89,,,0,0,1,1,18,0,57,82.092,6,3,0,0,49.562,0,0
0,,0,69,,,0,0,1,0,19,0,51,451.086,8,1,0,0,61.455,0,0
1,3.900000095367432,12,87,5,,1,0,1,1,16,0,48,654.88,11,7,1,1,39.277,0,0
1,5,1,83,3.5,1.5,1,1,1,1,14,0,56,85.998,22,8,0,0,34.704,0,0
1,4,1,77,,,0,0,1,1,21,0,65,654.88,0,0,1,1,39.277,0,0
1,5,2,89,3.166666746139526,5,1,1,1,0,17,0,74,451.086,25,15,0,0,61.455,0,0
0,,0,82,,,0,0,0,0,22,0,41,82.092,0,0,0,0,49.562,0,0
1,4.900000095367432,4,81,,5,0,1,0,1,28,0,73,23.354,4,1,0,0,41.886,0,0
0,,0,83,,,0,0,1,1,16,0,56,157.882,9,1,1,1,33.784,0,0
0,,0,82,,,0,0,0,0,28,0,44,654.88,22,7,1,1,39.277,0,0
1,3.299999952316284,3,79,,5,0,1,1,0,15,0,45,451.086,10,5,0,0,61.455,0,0
1,5,3,75,3.5,,1,0,1,1,21,0,43,451.086,4,4,0,0,61.455,0,0
1,5,1,84,,,0,0,1,1,34,0,72,451.086,19,15,0,0,61.455,0,0
1,4.900000095367432,7,80,5,,1,0,1,1,15,0,26,451.086,12,4,0,0,61.455,0,0
1,3,2,79,4.5,5,1,1,1,1,18,0,58,184.006,21,8,0,0,48.347,0,0
0,,0,73,,,0,0,1,0,40,0,55,654.88,17,10,1,1,39.277,0,0
0,,0,90,,,0,0,1,1,30,3,76,82.092,4,3,0,0,49.562,0,0
1,5,3,76,2,3,1,1,1,1,23,0,41,451.086,12,4,0,0,61.455,0,0
1,4.599999904632568,10,81,,3,0,1,1,1,18,0,72,451.086,26,17,1,0,61.455,0,0
0,,0,80,,,0,0,0,1,44,0,61,654.88,0,0,0,0,39.277,0,0
0,,0,79,,,0,0,1,1,34,0,48,157.882,5,1,1,1,33.784,0,0
0,,,85,5,,1,0,0,1,40,0,53,654.88,5,2,1,1,39.277,0,0
1,4,1,83,,,0,0,1,1,14,0,55,451.086,8,4,0,0,61.455,0,0
0,,0,76,,,0,0,1,1,21,0,54,654.88,16,6,1,0,39.277,0,0
1,5,1,94,,4.5,0,1,1,1,24,3,64,654.88,8,3,1,0,39.277,0,0
0,,0,88,,,0,0,1,1,18,0,77,451.086,19,15,0,0,61.455,0,0
1,5,1,78,,5,0,1,1,1,17,0,61,82.092,4,2,0,0,49.562,0,0
1,5,3,83,,4,0,1,1,0,30,0,78,654.88,17,9,1,1,39.277,0,0
0,,0,63,,,0,0,1,1,23,0,54,451.086,12,5,0,0,61.455,0,0
1,1.5,1,71,,,0,0,1,1,24,0,58,451.086,2,1,0,0,61.455,0,0
1,2,4,78,2.5,,1,0,1,0,15,0,38,24.784,3,0,0,0,39.052,0,0
0,,0,72,,,0,0,1,1,32,0,40,654.88,17,10,1,1,39.277,0,0
0,,0,76,,,0,0,0,0,15,0,38,451.086,7,1,0,0,61.455,0,0
1,2.900000095367432,7,80,,1,0,1,0,0,31,0,56,73.78100000000001,0,0,0,0,55.849,0,0
1,4,1,82,2.833333253860474,,1,0,1,1,18,0,74,654.88,16,7,1,1,39.277,0,0
0,,0,76,,,0,0,1,0,24,0,59,451.086,12,5,0,0,61.455,0,0
1,5,1,87,,5,0,1,1,1,16,0,49,451.086,12,4,0,0,61.455,0,0
0,,0,84,,,0,0,1,1,29,0,35,654.88,22,7,1,1,39.277,0,0
1,5,1,73,,,0,0,1,1,35,0,49,654.88,13,0,0,0,39.277,0,0
1,3.5,3,78,5,,1,0,0,1,25,0,59,82.092,6,2,0,0,49.562,0,0
0,,0,86,,,0,0,1,1,35,0,31,654.88,22,7,1,1,39.277,0,0
0,,0,77,,,0,0,1,1,19,0,55,451.086,9,7,0,0,61.455,0,0
1,5,1,76,,,0,0,1,1,33,0,58,28.351,0,0,0,0,46.665,0,0
1,4.199999809265137,5,79,,,0,0,1,1,22,0,66,654.88,13,0,0,0,39.277,0,0
0,,0,77,,,0,0,0,1,24,0,37,157.882,2,1,1,1,33.784,0,0
1,5,1,88,2.166666746139526,1.100000023841858,1,1,1,1,17,0,96,654.88,7,2,1,0,39.277,0,0
0,,0,87,,,0,0,1,1,32,0,37,654.88,22,7,1,1,39.277,0,0
0,,0,64,,,0,0,1,0,30,0,41,451.086,7,1,0,0,61.455,0,0
0,,0,83,,,0,0,1,1,25,0,46,24.784,3,1,0,0,39.052,0,0
0,,0,80,,,0,0,1,0,23,0,51,157.882,9,6,1,1,33.784,0,0
0,,0,80,,,0,0,1,1,19,0,29,654.88,13,5,1,0,39.277,0,0
0,,0,83,,,0,0,0,1,26,0,41,8.968999999999999,0,0,0,0,31.24,0,0
1,5,6,84,1,,1,0,1,0,18,0,71,451.086,4,4,0,0,61.455,0,0
1,5,2,86,,,0,0,1,1,24,0,57,654.88,1,0,1,0,39.277,0,0
1,1.799999952316284,5,71,,,0,0,1,1,26,0,56,68.691,8,4,0,0,48.114,0,0
1,4.5,4,68,5,,1,0,1,0,16,0,63,157.882,9,5,1,1,33.784,0,0
0,,0,70,,,0,0,1,1,14,0,62,654.88,3,2,1,1,39.277,0,0
0,,0,75,,,0,0,0,0,20,0,54,82.092,4,3,0,0,49.562,0,0
0,,0,81,,,0,0,0,1,36,0,72,654.88,3,0,0,0,39.277,0,0
1,4,4,83,3.5,1,1,1,1,0,18,0,56,654.88,23,8,1,1,39.277,0,0
0,,0,83,,,0,0,1,1,36,0,82,654.88,23,9,1,1,39.277,0,0
0,,0,68,,,0,0,1,0,16,0,84,451.086,20,7,1,1,61.455,0,0
0,,0,73,,,0,0,1,1,16,0,61,654.88,6,3,1,1,39.277,0,0
1,5,1,83,5,,1,0,1,0,14,0,53,654.88,6,2,1,1,39.277,0,0
1,3,2,66,,,0,0,1,0,18,0,58,451.086,7,1,0,0,61.455,0,0
0,,0,72,,,0,0,1,1,18,0,39,654.88,16,6,1,0,39.277,0,0
0,,0,70,,,0,0,1,1,35,0,61,451.086,19,15,0,0,61.455,0,0
0,,0,64,,,0,0,1,1,25,0,84,654.88,3,0,1,0,39.277,0,0
0,,0,85,,,0,0,0,1,32,0,40,654.88,3,0,1,0,39.277,0,0
1,3.599999904632568,8,86,5,,1,0,1,1,19,0,71,451.086,19,14,0,0,61.455,0,0
0,,0,70,,,0,0,1,0,20,0,60,451.086,7,4,0,0,61.455,0,0
1,4.5,1,78,4.5,3.833333253860474,1,1,1,1,24,0,46,654.88,16,5,1,0,39.277,0,0
0,,0,86,,,0,0,0,1,51,0,67,32.96,0,0,0,0,38.235,0,0
0,,0,90,,,0,0,1,0,14,0,76,451.086,25,16,0,0,61.455,0,0
1,5,1,83,2,,1,0,1,1,22,0,53,654.88,8,3,1,0,39.277,0,0
1,4.5,6,89,5,5,1,1,1,1,15,3,58,451.086,26,17,1,0,61.455,0,0
0,,0,67,,,0,0,0,1,33,0,37,654.88,0,0,0,0,39.277,0,0
0,,0,84,,,0,0,1,0,25,0,77,451.086,3,0,0,0,61.455,0,0
1,5,2,87,,,0,0,1,1,21,0,58,451.086,3,0,0,0,61.455,0,0
1,3.799999952316284,4,86,5,,1,0,1,1,15,0,62,654.88,6,4,1,1,39.277,0,0
1,3.700000047683716,9,80,,5,0,1,1,1,21,0,56,451.086,8,3,0,0,61.455,0,0
0,,0,76,,,0,0,1,1,15,0,41,184.006,5,3,0,0,48.347,0,0
1,5,4,83,1.5,,1,0,1,1,20,0,62,451.086,12,7,1,0,61.455,0,0
0,,0,75,,,0,0,1,1,30,0,47,451.086,26,18,1,0,61.455,0,0
1,2.200000047683716,5,78,,,0,0,0,0,21,0,41,157.882,9,6,1,1,33.784,0,0
1,3,4,89,,4,0,1,1,1,19,0,49,451.086,19,14,0,0,61.455,0,0
0,,0,78,,,0,0,1,1,32,0,52,82.092,6,3,0,0,49.562,0,0
0,,0,79,,,0,0,1,0,14,0,46,451.086,25,16,0,0,61.455,0,0
1,2,1,53,3.5,,1,0,0,1,44,0,21,82.092,6,2,0,0,49.562,0,0
0,,0,92,,,0,0,1,1,30,0,91,654.88,13,0,0,0,39.277,0,0
0,,0,86,,,0,0,1,0,16,0,64,654.88,6,3,1,1,39.277,0,0
1,5,1,85,,,0,0,1,0,18,0,67,451.086,20,7,1,1,61.455,0,0
1,5,1,79,,,0,0,0,1,24,0,49,451.086,3,1,0,0,61.455,0,0
1,3.099999904632568,7,69,,5,0,1,0,0,16,0,77,18.979,2,0,0,0,41.629,0,0
0,,0,91,,,0,0,1,1,24,0,73,654.88,1,0,0,0,39.277,0,0
1,2.200000047683716,24,58,5,,1,0,1,0,21,0,50,451.086,9,6,0,0,61.455,0,0
1,3,2,67,5,,1,0,1,0,15,0,36,451.086,19,14,0,0,61.455,0,0
0,,0,80,,,0,0,1,1,15,0,49,654.88,11,7,1,1,39.277,0,0
1,5,1,87,,,0,0,1,0,17,0,88,654.88,23,9,1,1,39.277,0,0
1,5,2,72,,5,0,1,1,1,15,0,46,451.086,9,6,0,0,61.455,0,0
1,5,1,84,,4.5,0,1,1,1,21,0,49,654.88,27,10,1,1,39.277,0,0
1,5,2,83,,1,0,1,0,0,22,0,61,184.006,16,7,0,0,48.347,0,0
1,5,2,80,1.75,1,1,1,0,1,38,0,48,32.96,6,2,0,0,38.235,0,0
0,,0,54,,,0,0,0,1,32,0,46,654.88,5,3,1,0,39.277,0,0
0,,0,82,,,0,0,1,0,16,0,39,451.086,10,6,0,0,61.455,0,0
0,,0,80,,,0,0,0,1,21,0,41,157.882,9,6,1,1,33.784,0,0
1,4,3,90,5,,1,0,1,1,17,0,79,451.086,25,15,0,0,61.455,0,0
0,,0,82,,,0,0,1,1,20,0,63,184.006,3,2,0,0,48.347,0,0
1,4.199999809265137,3,81,5,,1,0,1,1,33,0,61,654.88,23,8,1,1,39.277,0,0
1,1.200000047683716,3,70,5,,1,0,1,1,25,0,56,654.88,12,6,0,0,39.277,0,0
1,3.799999952316284,3,80,5,,1,0,1,0,14,0,59,451.086,26,17,1,0,61.455,0,0
1,5,2,73,4,3,1,1,1,1,16,0,47,654.88,17,9,1,1,39.277,0,0
0,,0,65,,,0,0,0,1,32,0,46,654.88,13,5,1,0,39.277,0,0
1,3.700000047683716,6,73,5,,1,0,1,0,17,0,79,451.086,7,0,0,0,61.455,0,0
0,,0,78,,,0,0,1,0,16,0,63,654.88,12,7,0,0,39.277,0,0
1,1.799999952316284,2,72,,,0,0,1,1,23,0,61,654.88,3,0,1,0,39.277,0,0
1,4.300000190734863,3,84,4.5,5,1,1,1,1,39,0,91,451.086,12,4,0,0,61.455,0,0
1,5,3,81,3,,1,0,1,0,34,0,51,654.88,1,1,1,0,39.277,0,0
0,,0,91,,,0,0,1,1,21,0,52,157.882,9,1,1,1,33.784,0,0
0,,0,75,,,0,0,1,1,13,0,39,24.784,3,1,0,0,39.052,0,0
0,,0,84,,,0,0,1,1,25,0,46,451.086,3,0,0,0,61.455,0,0
1,2.5,3,75,5,,1,0,1,0,26,0,70,184.006,16,7,0,0,48.347,0,0
1,3.5,3,78,,,0,0,1,1,15,0,51,451.086,0,0,0,0,61.455,0,0
1,5,1,80,5,3,1,1,0,1,20,0,40,654.88,13,4,1,0,39.277,0,0
0,,,88,5,,1,0,1,0,15,0,68,451.086,26,17,1,0,61.455,0,0
1,5,1,74,4.272727489471436,4.25,1,1,1,0,24,0,54,654.88,5,2,0,0,39.277,0,0
0,,0,80,,,0,0,0,1,30,0,58,654.88,1,1,1,1,39.277,0,0
1,5,1,90,,,0,0,1,1,22,0,91,654.88,7,3,1,0,39.277,0,0
0,,0,73,,,0,0,1,0,14,0,54,184.006,16,6,0,0,48.347,0,0
1,5,1,79,,5,0,1,0,1,20,0,43,157.882,5,0,1,1,33.784,0,0
0,,0,86,,,0,0,1,1,29,0,63,184.006,16,8,0,0,48.347,0,0
0,,0,93,,,0,0,1,1,15,0,75,654.88,11,7,1,1,39.277,0,0
1,5,2,79,,,0,0,1,1,24,0,79,654.88,16,6,1,0,39.277,0,0
0,,0,79,,,0,0,1,0,32,0,72,654.88,3,0,0,0,39.277,0,0
1,4.300000190734863,6,77,5,,1,0,1,1,23,0,57,18.979,2,1,0,0,41.629,0,0
1,5,3,92,5,,1,0,1,1,18,4,84,654.88,27,10,1,1,39.277,0,0
1,4,1,73,5,,1,0,1,1,16,0,46,451.086,12,7,1,0,61.455,0,0
0,,0,91,,,0,0,1,1,17,0,57,451.086,8,4,0,0,61.455,0,0
1,2,1,67,5,,1,0,1,0,18,0,58,451.086,19,14,0,0,61.455,0,0
1,4,1,80,2.833333253860474,,1,0,1,0,21,0,88,654.88,12,6,0,0,39.277,0,0
0,,0,74,,,0,0,1,0,16,0,47,654.88,12,7,0,0,39.277,0,0
1,5,1,87,5,5,1,1,1,1,18,0,49,85.998,22,8,0,0,34.704,0,0
1,5,1,91,,5,0,1,1,0,17,0,48,654.88,1,1,1,0,39.277,0,0
1,4,1,88,,5,0,1,1,1,28,0,83,654.88,23,8,1,1,39.277,0,0
0,,0,84,,,0,0,1,1,32,0,79,451.086,12,5,0,0,61.455,0,0
1,5,1,76,,,0,0,1,1,16,0,34,28.351,2,0,0,0,46.665,0,0
1,5,2,83,3,,1,0,1,1,15,0,67,451.086,26,17,1,0,61.455,0,0
0,,0,90,,,0,0,1,1,28,0,67,654.88,27,11,1,1,39.277,0,0
1,5,1,82,5,3,1,1,1,1,13,0,63,654.88,12,6,0,0,39.277,0,0
1,5,1,81,1,5,1,1,1,1,16,0,37,157.882,9,5,1,1,33.784,0,0
0,,0,81,,,0,0,1,0,15,0,75,654.88,23,9,1,1,39.277,0,0
0,,0,78,,,0,0,1,0,10,0,54,654.88,16,8,1,1,39.277,0,0
1,5,1,80,5,,1,0,1,0,8,0,41,18.979,2,1,0,0,41.629,0,0
0,,0,74,,,0,0,1,0,9,0,54,451.086,20,7,0,0,61.455,0,0
1,5,1,85,,,0,0,1,0,9,0,72,451.086,8,1,0,0,61.455,0,0
1,5,1,83,,5,0,1,1,0,13,0,59,654.88,6,2,1,1,39.277,0,0
0,,0,80,,,0,0,1,0,12,0,73,184.006,2,1,0,0,48.347,0,0
1,2,2,82,,,0,0,1,1,11,0,34,169.871,0,0,1,1,40.988,0,0
1,2,2,73,,5,0,1,0,0,29,0,49,654.88,22,6,1,1,39.277,0,0
1,5,2,87,4,,1,0,1,0,11,0,54,451.086,25,15,0,0,61.455,0,0
1,4.900000095367432,4,68,5,5,1,1,1,0,13,0,35,451.086,4,4,0,0,61.455,0,0
1,5,1,84,,,0,0,1,0,13,0,73,18.979,2,2,0,0,41.629,0,0
1,4.900000095367432,5,78,5,,1,0,1,0,31,0,75,654.88,27,10,1,1,39.277,0,0
0,,0,92,,,0,0,1,0,11,0,82,654.88,13,0,0,0,39.277,0,0
0,,0,78,,,0,0,1,0,28,4,63,451.086,20,7,1,1,61.455,0,0
0,,0,80,,,0,0,1,0,15,0,60,451.086,2,1,0,0,61.455,0,0
0,,0,72,,,0,0,1,0,9,0,38,654.88,5,3,0,0,39.277,0,0
0,,0,68,,,0,0,1,1,11,0,39,654.88,6,5,1,1,39.277,0,0
1,5,2,69,,,0,0,1,1,24,0,49,654.88,4,2,1,0,39.277,0,0
0,,,83,5,,1,0,1,1,12,0,64,451.086,19,14,0,0,61.455,0,0
0,,0,81,,,0,0,1,0,11,0,70,654.88,3,0,1,0,39.277,0,0
1,3.200000047683716,2,74,,,0,0,1,1,11,0,54,184.006,21,9,0,0,48.347,0,0
1,3.200000047683716,4,75,,1,0,1,1,0,13,0,59,654.88,3,1,1,1,39.277,0,0
1,3,11,46,5,5,1,1,1,1,28,0,31,68.691,8,3,0,0,48.114,0,0
1,2.799999952316284,2,77,5,,1,0,1,0,12,0,59,451.086,12,7,1,0,61.455,0,0
1,2.5,1,74,5,,1,0,1,0,14,0,62,654.88,12,6,0,0,39.277,0,0
0,,0,62,,,0,0,0,0,11,0,32,654.88,13,0,1,1,39.277,0,0
0,,0,84,,,0,0,1,0,8,0,60,451.086,9,7,0,0,61.455,0,0
0,,0,87,,,0,0,1,1,12,0,46,451.086,12,8,1,0,61.455,0,0
0,,0,82,,,0,0,1,0,14,0,67,654.88,13,5,1,0,39.277,0,0
0,,0,84,,,0,0,1,0,12,0,58,184.006,21,9,0,0,48.347,0,0
1,4,4,85,,,0,0,1,0,11,0,70,82.092,6,3,0,0,49.562,0,0
1,3.799999952316284,6,84,,1,0,1,1,0,13,0,52,451.086,8,3,0,0,61.455,0,0
0,,0,59,,,0,0,1,0,12,0,55,32.96,6,3,0,0,38.235,0,0
1,5,1,86,,,0,0,1,1,33,0,76,654.88,13,0,0,0,39.277,0,0
0,,0,86,,,0,0,1,0,13,0,57,73.78100000000001,3,1,0,0,55.849,0,0
1,4.599999904632568,8,85,,,0,0,1,1,12,0,36,184.006,21,9,0,0,48.347,0,0
1,5,2,83,2.75,,1,0,1,1,13,0,39,451.086,2,0,0,0,61.455,0,0
0,,0,83,,,0,0,1,0,11,0,52,654.88,6,3,1,1,39.277,0,0
1,5,1,65,,3,0,1,1,0,13,0,24,654.88,22,6,1,1,39.277,0,0
0,,0,75,,,0,0,1,0,13,0,42,654.88,13,5,1,0,39.277,0,0
0,,0,81,,,0,0,1,0,11,0,34,68.691,8,4,0,0,48.114,0,0
1,5,1,92,,,0,0,1,0,18,0,83,451.086,8,1,0,0,61.455,0,0
0,,0,73,,,0,0,1,1,13,0,38,451.086,12,8,1,0,61.455,0,0
1,4.199999809265137,17,85,5,,1,0,1,1,18,0,66,654.88,17,9,1,1,39.277,0,0
1,4.5,6,90,4,5,1,1,1,0,12,0,72,654.88,6,4,1,1,39.277,0,0
0,,0,58,,,0,0,1,0,13,0,16,654.88,22,7,1,1,39.277,0,0
1,3.900000095367432,4,85,1.75,5,1,1,1,1,9,0,51,28.351,0,0,0,0,46.665,0,0
1,5,5,94,5,,1,0,1,1,12,0,54,654.88,11,7,1,1,39.277,0,0
1,5,2,76,,5,0,1,1,1,13,0,40,184.006,21,8,0,0,48.347,0,0
1,5,1,87,,,0,0,0,1,15,0,77,451.086,25,16,0,0,61.455,0,0
1,4.800000190734863,2,87,,4,0,1,1,1,12,0,58,451.086,9,6,0,0,61.455,0,0
0,,0,78,,,0,0,1,0,11,0,53,82.092,0,0,0,0,49.562,0,0
1,4.199999809265137,5,77,5,,1,0,1,1,13,0,28,654.88,27,10,1,1,39.277,0,0
1,4.300000190734863,11,88,1.5,,1,0,1,0,13,0,73,654.88,5,2,1,1,39.277,0,0
0,,0,79,,,0,0,1,0,15,0,67,184.006,21,9,0,0,48.347,0,0
0,,0,75,,,0,0,1,1,16,0,40,654.88,0,0,1,1,39.277,0,0
1,4.800000190734863,2,70,,1,0,1,1,1,10,0,38,654.88,3,1,1,1,39.277,0,0
1,4.5,1,83,5,5,1,1,1,0,11,0,58,451.086,19,14,0,0,61.455,0,0
0,,0,72,,,0,0,1,0,12,0,49,451.086,26,18,1,0,61.455,0,0
1,3.200000047683716,2,80,5,1,1,1,1,1,27,0,48,654.88,16,5,1,0,39.277,0,0
0,,0,72,,,0,0,1,0,6,0,32,451.086,12,5,0,0,61.455,0,0
0,,0,80,,,0,0,1,0,11,0,40,654.88,22,7,1,1,39.277,0,0
1,3,9,75,3,5,1,1,1,0,9,0,49,654.88,16,5,1,0,39.277,0,0
1,3.799999952316284,2,83,2,3,1,1,1,0,9,0,50,451.086,25,15,0,0,61.455,0,0
0,,0,81,,,0,0,0,0,9,0,72,654.88,6,3,0,0,39.277,0,0
1,5,2,79,3,4.5,1,1,1,1,16,0,40,451.086,20,6,1,1,61.455,0,0
0,,0,74,,,0,0,1,1,13,0,41,9.57,0,0,0,0,35.906,0,0
0,,0,75,,,0,0,1,0,9,0,75,451.086,25,16,0,0,61.455,0,0
0,,0,74,,,0,0,1,1,8,0,43,23.354,4,2,0,0,41.886,0,0
1,3.299999952316284,8,83,4.888888835906982,5,1,1,0,1,14,0,51,654.88,0,0,1,1,39.277,0,0
1,3.799999952316284,3,86,5,,1,0,1,0,11,0,52,451.086,12,7,1,0,61.455,0,0
0,,0,87,,,0,0,1,0,10,0,57,654.88,1,0,0,0,39.277,0,0
0,,0,90,,,0,0,1,0,14,0,75,184.006,21,9,0,0,48.347,0,0
0,,0,82,,,0,0,1,0,13,0,46,654.88,27,11,1,1,39.277,0,0
0,,0,79,,,0,0,1,1,24,0,54,451.086,26,18,1,0,61.455,0,0
1,1,1,80,,,0,0,1,1,18,0,65,654.88,17,10,1,1,39.277,0,0
0,,0,77,,,0,0,1,1,10,0,62,184.006,21,9,0,0,48.347,0,0
0,,0,77,,,0,0,1,0,8,0,36,654.88,7,4,1,1,39.277,0,0
1,2.799999952316284,2,61,3,5,1,1,1,1,15,0,27,654.88,8,3,1,0,39.277,0,0
0,,0,79,,,0,0,1,0,6,0,28,451.086,25,16,0,0,61.455,0,0
0,,0,66,,,0,0,0,1,48,0,54,16.653,0,0,0,0,30.731,0,0
1,5,1,82,4.75,1,1,1,1,1,38,0,73,21.997,7,1,0,0,30.949,0,0
1,4.599999904632568,4,78,,5,0,1,1,1,36,0,59,85.998,22,8,1,0,34.704,0,0
0,,0,84,,,0,0,0,1,45,0,45,157.882,5,1,1,1,33.784,0,0
1,3,3,87,,2,0,1,0,1,34,0,49,85.998,22,8,1,0,34.704,0,0
1,5,1,87,,,0,0,0,1,34,0,70,451.086,2,1,0,0,61.455,0,0
1,5,1,84,5,,1,0,1,1,32,0,84,48.258,10,6,0,0,38.391,0,0
1,5,3,95,5,,1,0,1,1,34,12,97,451.086,25,15,0,0,61.455,0,0
0,,0,82,,,0,0,0,1,31,0,72,21.997,7,2,0,0,30.949,0,0
1,4.800000190734863,2,88,1.5,1,1,1,1,1,32,0,74,21.997,7,1,0,0,30.949,0,0
1,5,1,76,5,,1,0,0,1,35,0,75,10.285,0,0,0,0,30.643,0,0
0,,0,67,,,0,0,0,1,31,0,52,654.88,6,3,0,0,39.277,0,0
1,4.5,1,70,5,,1,0,1,1,32,0,76,48.258,10,6,0,0,38.391,0,0
1,5,1,69,,,0,0,1,1,33,0,61,85.998,22,9,1,0,34.704,0,0
0,,0,79,,,0,0,0,1,34,0,94,48.258,10,7,0,0,38.391,0,0
1,4.5,1,77,3.5,,1,0,0,1,30,0,91,48.258,10,6,0,0,38.391,0,0
0,,0,81,,,0,0,1,1,26,0,63,85.998,0,0,1,0,34.704,0,0
0,,0,81,,,0,0,1,1,33,0,69,85.998,22,9,1,0,34.704,0,0
1,1,1,80,5,2.166666746139526,1,1,1,0,28,0,51,451.086,3,0,0,0,61.455,0,0
0,,0,80,,,0,0,1,1,36,0,45,85.998,0,0,1,0,34.704,0,0
0,,0,86,,,0,0,1,1,28,0,80,451.086,2,0,0,0,61.455,0,0
1,4.199999809265137,2,91,4.875,,1,0,1,1,27,0,82,451.086,19,14,0,0,61.455,0,0
0,,0,83,,,0,0,0,1,28,0,65,21.997,7,2,0,0,30.949,0,0
1,1,4,75,5,,1,0,0,1,27,0,75,48.258,10,6,0,0,38.391,0,0
0,,0,85,,,0,0,1,0,25,0,75,85.998,22,9,1,0,34.704,0,0
0,,0,81,,,0,0,1,1,27,0,84,85.998,22,9,1,0,34.704,0,0
0,,0,82,,,0,0,1,0,24,0,74,21.997,7,2,0,0,30.949,0,0
0,,0,94,,,0,0,1,1,22,0,76,654.88,8,4,1,0,39.277,0,0
1,4.5,1,76,,,0,0,1,1,25,0,53,48.258,10,7,0,0,38.391,0,0
0,,0,73,,,0,0,1,1,35,0,67,85.998,22,9,1,0,34.704,0,0
1,5,4,90,3.5,,1,0,1,1,23,0,81,451.086,25,15,0,0,61.455,0,0
1,2.400000095367432,4,51,4,,1,0,0,1,20,0,31,85.998,22,8,1,0,34.704,0,0
1,4,2,78,,5,0,1,1,0,21,0,88,654.88,13,4,1,0,39.277,0,0
0,,0,82,,,0,0,1,0,21,0,78,85.998,22,9,0,0,34.704,0,0
0,,0,90,,,0,0,1,1,29,0,69,451.086,7,4,0,0,61.455,0,0
1,5,4,73,5,,1,0,0,1,23,0,63,85.998,22,8,1,0,34.704,0,0
0,,0,82,,,0,0,1,0,19,0,64,451.086,20,7,1,1,61.455,0,0
1,1,2,85,5,,1,0,0,1,23,0,52,85.998,22,8,0,0,34.704,0,0
0,,0,75,,,0,0,1,1,18,0,55,21.997,7,2,0,0,30.949,0,0
0,,0,65,,,0,0,1,1,18,0,61,48.258,10,7,0,0,38.391,0,0
0,,0,88,,,0,0,0,0,17,0,52,451.086,19,15,0,0,61.455,0,0
1,3.299999952316284,5,79,,3,0,1,1,1,17,0,49,654.88,11,7,1,1,39.277,0,0
0,,0,83,,,0,0,1,0,15,0,66,654.88,7,4,1,1,39.277,0,0
1,5,1,83,3.5,3,1,1,1,1,15,0,61,85.998,22,8,0,0,34.704,0,0
0,,0,81,,,0,0,0,1,24,0,73,85.998,22,9,1,0,34.704,0,0
0,,0,70,,,0,0,1,1,25,0,30,654.88,23,9,1,1,39.277,0,0
1,5,2,80,1,,1,0,0,0,14,0,75,48.258,10,6,0,0,38.391,0,0
1,1.299999952316284,3,74,,,0,0,1,1,17,0,61,85.998,22,9,1,0,34.704,0,0
1,3.5,1,74,3.666666746139526,,1,0,0,1,15,0,58,85.998,22,8,1,0,34.704,0,0
1,5,2,88,5,5,1,1,1,1,15,0,54,451.086,20,6,1,1,61.455,0,0
0,,0,74,,,0,0,1,0,15,0,68,654.88,4,2,1,0,39.277,0,0
1,5,4,86,4.25,,1,0,1,1,15,0,73,654.88,27,10,1,1,39.277,0,0
0,,0,83,,,0,0,1,0,16,0,24,157.882,9,1,1,1,33.784,0,0
0,,0,92,,,0,0,1,1,15,0,86,85.998,22,9,0,0,34.704,0,0
0,,0,88,,,0,0,1,1,14,0,78,21.997,7,2,0,0,30.949,0,0
0,,0,70,,,0,0,1,1,41,0,35,18.979,2,1,0,0,41.629,0,0
0,,0,73,,,0,0,1,0,15,0,27,654.88,27,11,1,1,39.277,0,0
1,5,1,87,5,4.25,1,1,1,1,13,0,58,654.88,22,6,1,1,39.277,0,0
1,5,1,84,,5,0,1,1,1,14,0,39,184.006,21,8,0,0,48.347,0,0
1,1.399999976158142,5,65,,5,0,1,0,0,12,0,50,184.006,21,8,0,0,48.347,0,0
0,,0,87,,,0,0,1,0,12,0,61,654.88,8,4,1,0,39.277,0,0
1,5,1,87,5,,1,0,1,0,12,0,59,451.086,9,6,0,0,61.455,0,0
1,5,3,85,5,,1,0,1,1,12,0,50,654.88,11,6,1,1,39.277,0,0
1,4.900000095367432,5,86,,5,0,1,1,1,12,0,70,654.88,6,4,1,1,39.277,0,0
0,,0,77,,,0,0,1,1,15,0,73,85.998,22,9,0,0,34.704,0,0
0,,0,66,,,0,0,1,0,12,0,53,184.006,21,9,0,0,48.347,0,0
0,,0,89,,,0,0,1,1,13,0,83,654.88,16,8,1,1,39.277,0,0
1,3.5,4,87,5,5,1,1,1,0,12,0,53,654.88,11,7,1,1,39.277,0,0
1,4.599999904632568,5,91,,1,0,1,1,0,11,0,62,451.086,19,14,0,0,61.455,0,0
1,5,3,83,5,,1,0,1,1,11,0,71,451.086,12,7,1,0,61.455,0,0
0,,0,82,,,0,0,1,0,18,0,57,157.882,9,6,1,1,33.784,0,0
1,3.799999952316284,7,80,5,,1,0,1,0,11,0,52,654.88,11,6,0,0,39.277,0,0
0,,0,72,,,0,0,1,0,11,0,56,654.88,11,8,1,1,39.277,0,0
1,4.800000190734863,8,80,3,,1,0,1,0,11,0,58,451.086,26,17,1,0,61.455,0,0
1,3.5,2,88,1,,1,0,1,1,10,0,70,85.998,0,0,0,0,34.704,0,0
0,,0,84,,,0,0,1,0,10,0,50,654.88,7,4,1,1,39.277,0,0
1,4.300000190734863,3,77,3.5,2.5,1,1,1,0,10,0,66,48.258,10,6,0,0,38.391,0,0
0,,0,87,,,0,0,1,0,10,0,77,21.997,7,2,0,0,30.949,0,0
1,5,2,70,5,4.75,1,1,1,1,10,0,51,451.086,12,7,1,0,61.455,0,0
0,,0,78,,,0,0,1,0,10,0,69,451.086,12,8,1,0,61.455,0,0
1,1.5,1,76,,,0,0,0,0,10,0,53,73.78100000000001,3,1,0,0,55.849,0,0
0,,0,71,,,0,0,1,0,10,0,41,654.88,3,0,0,0,39.277,0,0
0,,0,57,,,0,0,1,0,22,0,40,32.96,6,3,0,0,38.235,0,0
1,4.800000190734863,2,79,,,0,0,1,1,9,0,55,654.88,8,4,1,0,39.277,0,0
1,5,2,81,5,,1,0,1,0,9,0,57,654.88,12,6,0,0,39.277,0,0
1,4.099999904632568,6,84,5,,1,0,1,1,9,0,84,184.006,4,2,0,0,48.347,0,0
1,5,2,79,,,0,0,0,0,13,0,55,85.998,22,9,0,0,34.704,0,0
1,5,3,79,5,,1,0,1,0,17,0,75,184.006,21,8,0,0,48.347,0,0
0,,0,69,,,0,0,1,1,9,0,59,32.96,6,3,0,0,38.235,0,0
1,5,2,56,,,0,0,1,1,38,0,43,451.086,8,1,0,0,61.455,0,0
1,1,1,52,2.625,3.666666746139526,1,1,1,0,8,0,26,451.086,7,3,0,0,61.455,0,0
1,5,2,93,5,,1,0,1,0,8,0,45,654.88,11,6,1,1,39.277,0,0
0,,0,68,,,0,0,1,0,8,0,46,451.086,0,0,0,0,61.455,0,0
1,1,1,66,,1,0,1,1,0,8,0,54,451.086,19,14,0,0,61.455,0,0
1,2,1,70,,,0,0,1,0,8,0,45,82.092,0,0,0,0,49.562,0,0
0,,0,85,,,0,0,1,0,17,0,48,654.88,27,11,1,1,39.277,0,0
1,5,1,76,,2,0,1,1,1,7,0,46,654.88,8,3,1,0,39.277,0,0
0,,0,77,,,0,0,1,1,7,0,48,654.88,12,7,0,0,39.277,0,0
1,4,2,76,5,,1,0,1,0,7,0,54,654.88,22,6,1,1,39.277,0,0
0,,0,76,,,0,0,1,0,8,0,61,654.88,16,8,1,1,39.277,0,0
0,,0,78,,,0,0,1,0,7,0,66,23.354,4,2,0,0,41.886,0,0
0,,0,74,,,0,0,1,0,11,0,57,654.88,4,2,1,0,39.277,0,0
0,,0,79,,,0,0,1,0,6,0,47,654.88,6,5,1,1,39.277,0,0
1,5,1,67,,5,0,1,1,0,10,0,33,184.006,16,7,0,0,48.347,0,0
0,,,82,,1,0,1,1,0,7,0,37,654.88,16,5,1,0,39.277,0,0
0,,0,71,,,0,0,1,0,6,0,48,654.88,16,6,1,0,39.277,0,0
1,3.200000047683716,2,61,5,5,1,1,1,1,6,0,35,184.006,2,0,0,0,48.347,0,0
0,,0,72,,,0,0,1,1,14,0,30,451.086,2,0,0,0,61.455,0,0
1,5,1,78,,,0,0,1,0,12,0,45,451.086,3,1,0,0,61.455,0,0
0,,0,64,,,0,0,1,1,13,0,35,451.086,10,6,0,0,61.455,0,0
0,,0,75,,,0,0,1,1,6,0,49,654.88,2,0,0,0,39.277,0,0
0,,0,60,,,0,0,1,0,8,0,32,184.006,21,9,0,0,48.347,0,0
0,,0,77,,,0,0,1,0,5,0,39,451.086,8,1,0,0,61.455,0,0
1,4,4,89,,3.25,0,1,1,1,28,0,76,897.472,37,22,1,1,39.593,0,1
0,,,84,2.5,2.5,1,1,1,1,35,0,80,897.472,45,26,1,1,39.593,0,1
1,5,4,90,1,5,1,1,1,1,32,0,80,897.472,37,22,1,1,39.593,0,1
1,4.199999809265137,8,92,,,0,0,1,1,28,0,47,897.472,57,14,0,0,39.593,0,1
1,5,1,89,,1.25,0,1,1,1,34,0,77,897.472,41,17,1,1,39.593,0,1
1,5,1,85,,,0,0,1,1,34,0,77,897.472,37,23,1,1,39.593,0,1
1,5,4,92,5,,1,0,1,1,29,5,86,897.472,57,13,1,1,39.593,0,1
1,5,1,88,,1.75,0,1,0,1,36,0,68,897.472,45,26,1,1,39.593,0,1
0,,0,81,,,0,0,1,1,32,0,44,50.866,2,1,0,0,30.109,0,1
1,5,4,82,,5,0,1,1,1,31,0,61,897.472,41,17,1,1,39.593,0,1
0,,0,91,,,0,0,1,1,29,0,78,897.472,45,27,0,0,39.593,0,1
1,5,1,87,,,0,0,0,1,39,0,63,897.472,45,27,1,1,39.593,0,1
1,3.299999952316284,3,69,,,0,0,1,1,29,0,57,897.472,57,14,0,0,39.593,0,1
0,,0,90,,,0,0,1,1,34,0,44,51.271,3,1,0,0,41.856,0,1
0,,0,91,,,0,0,1,1,29,0,75,897.472,18,6,0,0,39.593,0,1
0,,0,87,,,0,0,1,1,34,0,50,897.472,57,14,0,0,39.593,0,1
1,1,1,81,,,0,0,1,1,34,0,59,897.472,41,18,1,1,39.593,0,1
1,5,2,92,,5,0,1,1,1,30,0,63,897.472,45,26,1,1,39.593,0,1
0,,0,86,,,0,0,1,1,28,0,58,897.472,45,27,1,1,39.593,0,1
1,3.400000095367432,19,78,,1.833333373069763,0,1,1,1,43,0,63,897.472,45,26,1,1,39.593,0,1
0,,0,84,,,0,0,1,1,31,5,64,897.472,57,14,0,0,39.593,0,1
1,1,2,62,1.666666626930237,3.5,1,1,1,1,39,0,26,897.472,57,13,0,0,39.593,0,1
1,4.5,1,92,5,,1,0,1,1,40,0,69,897.472,45,26,1,1,39.593,0,1
1,5,3,85,5,,1,0,1,1,29,0,52,107.199,6,1,0,0,48.206,0,1
0,,0,88,,,0,0,1,1,40,0,81,897.472,57,14,1,1,39.593,0,1
0,,0,88,,,0,0,1,1,32,0,35,897.472,12,9,1,1,39.593,0,1
1,5,1,84,,5,0,1,0,1,28,0,35,897.472,10,6,1,1,39.593,0,1
1,5,2,85,2.5,,1,0,1,1,33,0,62,897.472,45,26,1,1,39.593,0,1
0,,0,85,,,0,0,0,1,48,0,56,897.472,37,23,1,1,39.593,0,1
0,,0,87,,,0,0,1,1,40,0,78,897.472,57,14,0,0,39.593,0,1
1,5,1,92,5,,1,0,1,1,48,0,69,897.472,45,26,1,1,39.593,0,1
0,,0,90,,,0,0,1,1,35,0,44,897.472,41,18,1,1,39.593,0,1
0,,0,82,,,0,0,1,1,52,0,75,897.472,23,9,1,1,39.593,0,1
1,5,1,84,1,,1,0,0,1,50,0,76,897.472,57,13,0,0,39.593,0,1
0,,0,86,,,0,0,1,0,28,3,87,897.472,57,14,0,0,39.593,0,1
1,4,1,76,,,0,0,0,1,35,0,58,897.472,57,14,0,0,39.593,0,1
1,3.700000047683716,8,71,,,0,0,1,0,31,0,62,897.472,57,14,0,0,39.593,0,1
1,5,4,93,2,4.5,1,1,1,1,31,0,66,897.472,45,26,1,1,39.593,0,1
1,5,2,82,,,0,0,1,1,27,0,43,897.472,45,27,1,1,39.593,0,1
0,,0,82,,,0,0,0,1,32,0,55,897.472,28,15,1,1,39.593,0,1
1,5,1,82,3.5,5,1,1,1,1,29,0,40,897.472,28,14,1,1,39.593,0,1
0,,0,79,,,0,0,1,1,46,0,54,897.472,45,27,1,1,39.593,0,1
1,3,1,86,4.833333492279053,5,1,1,0,1,37,0,42,107.199,1,0,0,0,48.206,0,1
0,,0,86,,,0,0,1,1,32,0,79,897.472,41,18,1,1,39.593,0,1
0,,0,74,,,0,0,1,1,35,0,84,897.472,37,23,1,1,39.593,0,1
1,5,1,89,3,,1,0,0,1,28,0,59,897.472,11,6,1,1,39.593,0,1
1,5,1,91,1,3.25,1,1,1,0,32,0,57,897.472,37,22,1,1,39.593,0,1
0,,0,92,,,0,0,1,1,33,0,61,897.472,57,14,0,0,39.593,0,1
1,5,1,94,,,0,0,1,1,44,0,70,897.472,57,14,0,0,39.593,0,1
1,5,1,82,,,0,0,0,1,29,0,42,897.472,45,27,1,1,39.593,0,1
0,,0,92,,,0,0,1,1,32,0,65,51.271,6,2,0,0,41.856,0,1
1,4.400000095367432,5,84,5,,1,0,1,1,38,0,79,897.472,41,17,1,1,39.593,0,1
0,,0,92,,,0,0,1,1,40,0,78,51.271,6,2,0,0,41.856,0,1
1,1,1,88,4,,1,0,1,0,28,0,63,897.472,45,26,1,1,39.593,0,1
0,,0,88,,,0,0,1,0,29,0,55,897.472,37,23,1,1,39.593,0,1
0,,0,84,,,0,0,1,0,30,0,63,897.472,23,9,1,1,39.593,0,1
1,4.800000190734863,7,87,4.5,2.5,1,1,1,1,33,0,89,897.472,41,17,1,1,39.593,0,1
1,5,1,85,,,0,0,1,0,27,0,58,897.472,57,14,0,0,39.593,0,1
1,4,3,87,,5,0,1,0,1,34,0,41,897.472,11,6,1,1,39.593,0,1
0,,0,89,,,0,0,0,1,36,0,78,897.472,28,15,1,1,39.593,0,1
1,3.799999952316284,2,84,5,,1,0,0,1,35,0,85,897.472,41,17,1,1,39.593,0,1
0,,0,64,,,0,0,1,1,30,0,61,897.472,41,18,1,1,39.593,0,1
0,,0,89,,,0,0,1,1,37,0,35,897.472,41,18,1,1,39.593,0,1
1,5,1,94,5,,1,0,1,1,49,0,85,897.472,57,13,0,0,39.593,0,1
1,5,3,85,5,,1,0,1,1,34,0,62,897.472,45,26,1,1,39.593,0,1
1,5,3,94,,,0,0,1,1,32,0,74,897.472,57,14,1,1,39.593,0,1
1,5,5,92,,,0,0,1,1,31,4,84,897.472,8,4,0,0,39.593,0,1
0,,0,74,,,0,0,0,1,28,0,70,897.472,18,6,0,0,39.593,0,1
0,,0,80,,,0,0,1,1,48,0,69,897.472,45,27,1,1,39.593,0,1
0,,0,88,,,0,0,0,0,30,0,47,897.472,13,7,1,1,39.593,0,1
1,4,2,88,5,,1,0,1,1,26,0,66,897.472,37,22,1,1,39.593,0,1
1,3.5,3,80,,4.5,0,1,1,0,26,0,61,897.472,13,6,0,0,39.593,0,1
0,,0,89,,,0,0,1,1,32,0,62,897.472,37,23,1,1,39.593,0,1
1,5,2,90,,3,0,1,1,1,28,0,64,897.472,45,26,1,1,39.593,0,1
1,2.200000047683716,3,82,5,,1,0,1,1,26,0,54,897.472,45,26,1,1,39.593,0,1
1,4.699999809265137,10,89,5,,1,0,1,0,32,0,41,897.472,28,14,1,1,39.593,0,1
0,,0,82,,,0,0,1,0,27,0,64,897.472,23,9,1,1,39.593,0,1
0,,0,71,,,0,0,1,0,40,0,49,897.472,11,7,1,1,39.593,0,1
0,,0,55,,,0,0,0,1,38,0,33,107.199,6,2,0,0,48.206,0,1
1,5,3,86,4.75,,1,0,0,1,33,0,36,897.472,4,2,1,1,39.593,0,1
1,4.800000190734863,7,94,5,5,1,1,0,1,28,0,84,897.472,37,22,1,1,39.593,0,1
1,3.200000047683716,5,78,,,0,0,1,1,32,4,66,897.472,13,7,0,0,39.593,0,1
0,,0,88,,,0,0,0,1,45,0,81,897.472,0,0,1,1,39.593,0,1
0,,0,73,,,0,0,0,1,60,0,43,28.806,4,1,0,0,40.279,0,1
1,5,2,80,5,5,1,1,1,1,30,0,46,50.866,2,0,0,0,30.109,0,1
1,4.900000095367432,4,82,5,,1,0,1,1,26,0,62,897.472,8,3,0,0,39.593,0,1
0,,0,86,,,0,0,1,0,29,0,46,897.472,41,18,1,1,39.593,0,1
1,5,1,72,5,,1,0,1,1,29,0,55,897.472,28,14,1,1,39.593,0,1
0,,0,76,,,0,0,1,1,37,0,38,897.472,2,1,1,1,39.593,0,1
0,,0,86,,,0,0,1,1,28,0,71,897.472,57,14,0,0,39.593,0,1
1,3.099999904632568,6,86,,,0,0,1,0,27,0,63,897.472,57,14,0,0,39.593,0,1
1,3.5,2,81,5,,1,0,1,1,54,0,42,897.472,4,1,0,0,39.593,0,1
1,3.799999952316284,6,84,5,,1,0,0,1,24,3,61,897.472,37,22,1,1,39.593,0,1
0,,0,75,,,0,0,0,1,38,0,54,897.472,13,7,0,0,39.593,0,1
1,5,1,77,5,,1,0,0,1,24,0,54,897.472,13,6,0,0,39.593,0,1
1,5,4,90,,1.25,0,1,0,1,47,0,73,897.472,37,22,1,1,39.593,0,1
1,4.599999904632568,7,91,,5,0,1,1,0,25,0,61,897.472,23,8,1,1,39.593,0,1
0,,0,88,,,0,0,1,1,24,0,73,897.472,37,23,1,1,39.593,0,1
0,,0,95,,,0,0,1,1,24,0,81,897.472,45,27,0,0,39.593,0,1
0,,0,85,,,0,0,0,0,24,0,63,897.472,4,2,0,0,39.593,0,1
1,4.599999904632568,10,87,5,,1,0,1,1,24,0,56,897.472,13,6,0,0,39.593,0,1
0,,0,90,,,0,0,1,1,31,0,65,897.472,37,23,1,1,39.593,0,1
0,,0,77,,,0,0,1,1,24,0,42,897.472,18,6,0,0,39.593,0,1
0,,0,76,,,0,0,1,1,24,0,29,897.472,12,9,1,1,39.593,0,1
1,4.199999809265137,10,88,,,0,0,1,1,36,0,52,897.472,22,10,0,0,39.593,0,1
1,2.200000047683716,4,67,,5,0,1,1,1,27,0,42,897.472,22,9,0,0,39.593,0,1
0,,0,81,,,0,0,1,1,27,0,67,897.472,22,10,0,0,39.593,0,1
0,,0,74,,,0,0,1,1,26,0,42,897.472,28,15,1,1,39.593,0,1
1,5,1,86,,,0,0,0,1,26,0,47,897.472,13,7,0,0,39.593,0,1
1,3,2,92,5,,1,0,1,1,24,0,49,897.472,45,26,1,1,39.593,0,1
1,3,3,76,5,,1,0,1,0,24,0,58,897.472,18,5,0,0,39.593,0,1
1,5,1,81,5,,1,0,1,1,30,0,85,897.472,41,17,1,1,39.593,0,1
1,4.5,3,87,,,0,0,1,1,36,0,75,897.472,57,14,0,0,39.593,0,1
1,1.799999952316284,16,59,1.25,,1,0,0,0,24,0,38,897.472,4,1,1,0,39.593,0,1
1,1,2,83,,,0,0,0,1,27,0,45,897.472,1,1,1,1,39.593,0,1
0,,0,66,,,0,0,1,1,31,0,48,107.199,17,7,0,0,48.206,0,1
0,,0,84,,,0,0,1,1,28,6,55,897.472,8,5,1,1,39.593,0,1
0,,0,82,,,0,0,1,0,24,0,57,897.472,45,27,1,1,39.593,0,1
1,4.199999809265137,2,90,5,5,1,1,1,1,33,0,67,897.472,37,22,1,1,39.593,0,1
1,5,1,78,,5,0,1,0,1,34,0,27,38.744,0,0,0,0,28.517,0,1
0,,0,89,,,0,0,1,1,28,0,82,107.199,17,7,0,0,48.206,0,1
1,4.900000095367432,5,89,4,,1,0,0,1,46,0,76,897.472,37,22,1,1,39.593,0,1
0,,0,60,,,0,0,1,1,23,0,40,51.271,1,0,0,0,41.856,0,1
1,4,2,84,5,,1,0,1,1,28,0,37,897.472,45,26,0,0,39.593,0,1
1,3.900000095367432,4,82,5,,1,0,1,0,44,0,42,897.472,41,17,1,1,39.593,0,1
1,4.5,2,91,2,,1,0,1,1,23,0,77,897.472,8,3,0,0,39.593,0,1
1,3.700000047683716,3,78,,,0,0,1,1,25,0,65,897.472,57,14,0,0,39.593,0,1
0,,0,78,,,0,0,1,1,26,0,67,897.472,57,14,0,0,39.593,0,1
0,,0,78,,,0,0,1,0,24,0,42,897.472,12,9,1,1,39.593,0,1
0,,0,86,,,0,0,0,1,27,0,49,28.806,4,1,0,0,40.279,0,1
0,,0,83,,,0,0,1,1,29,0,50,897.472,45,27,1,1,39.593,0,1
1,5,2,91,,,0,0,1,1,25,0,75,897.472,57,14,1,1,39.593,0,1
0,,0,89,,,0,0,1,1,24,0,78,897.472,37,23,1,1,39.593,0,1
1,4,1,70,5,,1,0,0,1,24,0,55,107.199,17,6,0,0,48.206,0,1
1,2.5,3,84,,,0,0,1,0,23,0,66,897.472,57,14,0,0,39.593,0,1
0,,0,87,,,0,0,1,1,23,0,68,107.199,17,7,0,0,48.206,0,1
1,3,1,89,2.333333253860474,5,1,1,1,1,34,0,91,897.472,10,6,1,1,39.593,0,1
0,,0,55,,,0,0,1,0,32,0,23,107.199,17,7,0,0,48.206,0,1
1,5,1,73,3,,1,0,0,1,26,0,48,897.472,11,6,1,1,39.593,0,1
1,5,2,70,,,0,0,0,1,37,0,67,897.472,18,6,0,0,39.593,0,1
0,,0,77,,,0,0,0,1,22,0,82,897.472,8,4,0,0,39.593,0,1
1,5,1,86,,,0,0,1,1,35,0,60,897.472,41,18,1,1,39.593,0,1
1,2.900000095367432,7,82,,,0,0,0,1,26,0,78,897.472,18,6,0,0,39.593,0,1
1,5,1,53,4.125,1.5,1,1,0,1,31,0,26,897.472,4,2,1,1,39.593,0,1
0,,,78,5,,1,0,1,1,24,0,54,28.806,4,0,0,0,40.279,0,1
1,4.800000190734863,6,86,3.5,1,1,1,0,1,27,0,72,897.472,13,6,0,0,39.593,0,1
1,5,1,80,,5,0,1,0,0,26,0,85,897.472,57,13,0,0,39.593,0,1
0,,0,78,,,0,0,0,1,31,0,63,897.472,18,6,0,0,39.593,0,1
1,5,3,82,2.166666746139526,1.5,1,1,1,1,21,0,53,897.472,45,26,0,0,39.593,0,1
0,,0,83,,,0,0,1,1,22,0,44,897.472,45,27,1,1,39.593,0,1
0,,0,77,,,0,0,1,1,23,0,34,897.472,57,14,0,0,39.593,0,1
1,1,2,60,5,,1,0,1,0,25,0,35,107.199,17,6,0,0,48.206,0,1
1,5,2,82,,,0,0,0,1,24,0,51,897.472,13,7,0,0,39.593,0,1
0,,0,77,,,0,0,0,1,24,0,41,34.993,1,0,0,0,28.756,0,1
0,,0,86,,,0,0,1,1,28,0,62,50.866,2,1,0,0,30.109,0,1
1,3.200000047683716,2,84,5,,1,0,1,1,25,0,38,897.472,28,14,1,1,39.593,0,1
0,,0,88,,,0,0,1,1,25,0,48,897.472,0,0,1,1,39.593,0,1
1,5,2,85,5,,1,0,0,1,38,0,65,897.472,12,8,1,1,39.593,0,1
1,1,1,89,5,2,1,1,1,0,19,0,63,897.472,57,13,1,1,39.593,0,1
1,2,3,78,1,,1,0,0,1,23,0,55,897.472,4,1,0,0,39.593,0,1
1,5,2,85,,5,0,1,1,1,26,0,62,897.472,10,6,0,0,39.593,0,1
1,3.400000095367432,5,76,,5,0,1,1,0,23,0,43,897.472,12,8,1,1,39.593,0,1
0,,0,85,,,0,0,0,0,26,0,49,897.472,4,3,1,1,39.593,0,1
1,3.400000095367432,9,85,5,5,1,1,1,1,21,0,57,897.472,45,26,1,1,39.593,0,1
1,5,2,86,5,,1,0,1,1,23,0,85,897.472,57,13,0,0,39.593,0,1
0,,0,94,,,0,0,1,1,24,0,69,897.472,45,27,0,0,39.593,0,1
0,,0,74,,,0,0,0,1,36,0,28,25.37,0,0,0,0,35.836,0,1
0,,0,82,,,0,0,1,1,34,0,43,897.472,41,18,1,1,39.593,0,1
1,4.199999809265137,5,82,5,,1,0,1,0,21,0,41,897.472,45,26,1,1,39.593,0,1
1,5,1,73,,1.75,0,1,1,1,29,0,33,107.199,6,1,0,0,48.206,0,1
0,,0,81,,,0,0,0,1,38,0,68,897.472,41,18,1,1,39.593,0,1
1,5,1,80,3.666666746139526,,1,0,1,1,20,0,62,897.472,23,8,1,1,39.593,0,1
1,4.900000095367432,4,83,5,,1,0,1,1,25,0,59,897.472,10,6,1,1,39.593,0,1
1,4.199999809265137,8,83,4.875,,1,0,1,1,26,0,44,897.472,12,8,1,1,39.593,0,1
1,3.900000095367432,8,80,,5,0,1,1,0,20,0,46,897.472,45,26,1,1,39.593,0,1
0,,,82,3.5,,1,0,0,0,24,0,66,897.472,10,6,1,1,39.593,0,1
0,,0,73,,,0,0,1,1,20,0,40,107.199,17,7,0,0,48.206,0,1
1,5,3,85,5,,1,0,1,1,30,0,91,897.472,18,5,0,0,39.593,0,1
0,,0,75,,,0,0,1,1,22,0,48,897.472,10,7,1,1,39.593,0,1
0,,0,85,,,0,0,1,1,31,0,35,897.472,1,0,1,1,39.593,0,1
1,5,1,84,5,,1,0,1,0,20,0,43,897.472,45,26,1,1,39.593,0,1
1,5,1,90,,,0,0,1,0,22,0,42,897.472,37,23,1,1,39.593,0,1
0,,0,86,,,0,0,1,0,20,0,39,897.472,41,18,1,1,39.593,0,1
0,,0,83,,,0,0,1,1,28,0,70,897.472,10,7,1,1,39.593,0,1
0,,0,87,,,0,0,1,1,22,0,82,897.472,57,14,0,0,39.593,0,1
1,3,2,89,2,,1,0,1,1,19,0,57,897.472,41,17,1,1,39.593,0,1
1,5,2,80,1,5,1,1,0,1,35,0,44,897.472,8,4,1,1,39.593,0,1
0,,0,93,,,0,0,1,0,24,0,61,897.472,28,15,1,1,39.593,0,1
1,4.5,1,81,,,0,0,0,0,27,0,39,897.472,28,15,1,1,39.593,0,1
0,,0,64,,,0,0,0,0,22,0,41,897.472,4,3,1,1,39.593,0,1
1,4.5,6,84,4.5,1,1,1,0,1,37,0,47,897.472,12,8,1,1,39.593,0,1
0,,0,76,,,0,0,1,1,32,0,43,897.472,10,7,1,1,39.593,0,1
0,,0,90,,,0,0,1,1,24,0,83,897.472,57,14,1,1,39.593,0,1
0,,0,81,,,0,0,1,1,22,0,24,897.472,41,18,1,1,39.593,0,1
0,,0,82,,,0,0,0,1,33,0,55,897.472,4,2,0,0,39.593,0,1
1,4.699999809265137,11,85,,,0,0,0,1,31,0,55,897.472,8,4,0,0,39.593,0,1
1,5,1,84,,5,0,1,1,1,32,0,54,897.472,28,14,1,1,39.593,0,1
0,,0,80,,,0,0,1,1,20,0,65,28.806,4,1,0,0,40.279,0,1
1,4.400000095367432,5,91,5,5,1,1,1,0,20,0,65,897.472,57,13,0,0,39.593,0,1
0,,0,85,,,0,0,0,1,22,0,76,897.472,3,0,1,1,39.593,0,1
0,,0,78,,,0,0,0,1,32,0,43,897.472,28,15,1,1,39.593,0,1
0,,0,81,,,0,0,0,1,29,0,58,897.472,3,0,1,1,39.593,0,1
0,,0,91,,,0,0,1,1,29,0,79,897.472,2,0,1,1,39.593,0,1
1,5,3,88,,,0,0,1,1,22,0,71,897.472,57,14,0,0,39.593,0,1
1,5,1,67,5,,1,0,1,1,27,0,24,25.37,2,1,0,0,35.836,0,1
0,,0,85,,,0,0,0,0,23,0,57,897.472,18,6,1,1,39.593,0,1
1,4.5,1,64,5,,1,0,0,0,43,0,38,897.472,2,0,1,1,39.593,0,1
1,4.5,2,86,5,,1,0,1,1,25,0,55,107.199,17,6,0,0,48.206,0,1
1,5,1,76,1,,1,0,0,1,22,0,61,897.472,28,14,1,1,39.593,0,1
1,4.5,1,79,5,,1,0,1,1,28,0,54,107.199,17,6,0,0,48.206,0,1
0,,0,83,,,0,0,1,1,26,0,62,897.472,10,7,1,1,39.593,0,1
0,,0,78,,,0,0,1,1,29,0,47,897.472,57,14,0,0,39.593,0,1
0,,0,90,,,0,0,1,0,24,0,53,897.472,22,10,0,0,39.593,0,1
1,1.5,2,73,5,,1,0,1,0,35,0,27,897.472,1,0,1,1,39.593,0,1
1,4.900000095367432,11,88,,2.5,0,1,1,0,22,0,49,897.472,12,8,1,1,39.593,0,1
0,,0,83,,,0,0,0,0,19,0,43,897.472,1,0,1,1,39.593,0,1
0,,0,49,,,0,0,0,0,24,0,10,107.199,6,2,0,0,48.206,0,1
1,5,3,94,,,0,0,1,1,19,4,84,897.472,57,14,0,0,39.593,0,1
0,,0,83,,,0,0,1,1,34,0,35,107.199,17,7,0,0,48.206,0,1
1,5,3,80,5,5,1,1,0,1,27,0,50,897.472,28,14,1,1,39.593,0,1
0,,,68,,5,0,1,0,0,21,0,37,897.472,45,26,0,0,39.593,0,1
0,,0,81,,,0,0,1,1,26,0,65,897.472,57,14,0,0,39.593,0,1
1,3,2,60,,,0,0,1,1,28,0,40,897.472,41,18,1,1,39.593,0,1
0,,0,77,,,0,0,0,1,22,0,38,897.472,2,0,1,1,39.593,0,1
1,1,1,78,5,,1,0,0,1,17,0,48,897.472,12,8,1,1,39.593,0,1
1,4.900000095367432,5,88,5,5,1,1,1,0,22,0,53,51.271,3,0,0,0,41.856,0,1
0,,0,72,,,0,0,1,1,16,0,59,897.472,28,15,1,1,39.593,0,1
0,,0,82,,,0,0,1,0,16,0,51,897.472,18,6,1,1,39.593,0,1
0,,0,81,,,0,0,1,1,17,0,40,897.472,57,14,0,0,39.593,0,1
0,,0,86,,,0,0,1,1,18,0,76,897.472,45,27,1,1,39.593,0,1
0,,0,76,,,0,0,1,0,23,0,42,897.472,0,0,0,0,39.593,0,1
0,,0,57,,,0,0,0,1,18,0,63,51.271,0,0,0,0,41.856,0,1
1,1.799999952316284,2,79,,4.5,0,1,0,0,19,0,26,897.472,11,6,1,1,39.593,0,1
1,2.700000047683716,6,79,,,0,0,1,1,25,0,58,897.472,57,14,0,0,39.593,0,1
0,,0,80,,,0,0,0,1,20,0,46,897.472,4,3,1,1,39.593,0,1
1,2.5,3,92,5,5,1,1,1,1,15,0,62,897.472,45,26,1,1,39.593,0,1
0,,0,86,,,0,0,1,1,22,0,65,107.199,17,7,0,0,48.206,0,1
0,,0,89,,,0,0,1,1,14,0,61,51.271,3,1,0,0,41.856,0,1
0,,0,72,,,0,0,0,1,26,0,43,897.472,18,6,0,0,39.593,0,1
0,,0,86,,,0,0,1,1,20,0,71,897.472,37,23,1,1,39.593,0,1
1,3.900000095367432,4,91,2.5,,1,0,1,1,22,0,70,107.199,17,6,0,0,48.206,0,1
1,1,1,72,4.6875,4.571428775787354,1,1,0,1,34,0,35,51.271,6,1,0,0,41.856,0,1
1,5,1,89,1.5,1,1,1,1,0,17,0,71,897.472,57,13,0,0,39.593,0,1
0,,0,81,,,0,0,1,1,22,0,38,107.199,6,2,0,0,48.206,0,1
0,,0,70,,,0,0,1,1,16,0,24,107.199,17,7,0,0,48.206,0,1
0,,0,63,,,0,0,1,1,20,0,22,107.199,6,2,0,0,48.206,0,1
1,5,1,76,1,,1,0,1,1,21,0,49,897.472,4,1,1,0,39.593,0,1
0,,0,75,,,0,0,1,1,18,0,26,51.271,6,2,0,0,41.856,0,1
0,,0,89,,,0,0,1,0,15,0,55,897.472,28,15,1,1,39.593,0,1
0,,0,80,,,0,0,0,1,17,0,88,897.472,37,23,1,1,39.593,0,1
0,,0,72,,,0,0,1,1,18,0,36,897.472,8,5,1,1,39.593,0,1
0,,0,81,,,0,0,1,1,19,0,48,897.472,4,2,1,0,39.593,0,1
1,4.5,3,81,,5,0,1,1,0,17,0,45,897.472,23,8,1,1,39.593,0,1
0,,0,86,,,0,0,1,1,16,0,61,897.472,8,4,0,0,39.593,0,1
1,4.800000190734863,2,83,,,0,0,1,0,20,0,54,897.472,22,10,0,0,39.593,0,1
1,1,1,61,,,0,0,0,0,27,0,37,50.866,0,0,0,0,30.109,0,1
1,1,1,82,3.5,5,1,1,1,1,34,0,28,897.472,41,17,1,1,39.593,0,1
0,,0,78,,,0,0,1,1,21,0,61,51.271,1,0,0,0,41.856,0,1
0,,0,70,,,0,0,0,1,16,0,53,107.199,2,2,0,0,48.206,0,1
0,,0,79,,,0,0,1,1,20,0,63,897.472,41,18,1,1,39.593,0,1
0,,0,77,,,0,0,0,1,18,0,39,897.472,11,7,1,1,39.593,0,1
1,1.5,1,85,,,0,0,1,1,32,0,65,897.472,28,15,1,1,39.593,0,1
1,5,2,75,4,3.599999904632568,1,1,0,1,19,0,34,897.472,13,6,0,0,39.593,0,1
0,,0,79,,,0,0,1,0,18,0,49,897.472,45,27,1,1,39.593,0,1
1,4.400000095367432,10,87,,5,0,1,1,0,16,0,40,897.472,37,22,1,1,39.593,0,1
1,1,2,86,,,0,0,1,0,17,0,51,897.472,45,27,1,1,39.593,0,1
0,,0,85,,,0,0,0,1,30,0,22,897.472,11,7,1,1,39.593,0,1
0,,0,87,,,0,0,1,1,24,0,57,897.472,37,23,1,1,39.593,0,1
1,1,1,74,5,,1,0,1,1,17,0,54,107.199,2,1,0,0,48.206,0,1
0,,0,93,,,0,0,1,1,24,0,49,897.472,37,23,1,1,39.593,0,1
0,,0,68,,,0,0,1,1,21,0,46,27.101,0,0,0,0,29.751,0,1
0,,0,85,,,0,0,0,0,16,0,38,897.472,28,15,1,1,39.593,0,1
1,5,4,91,,5,0,1,1,1,17,0,78,897.472,8,3,0,0,39.593,0,1
1,4,1,80,5,1,1,1,1,1,23,0,35,25.37,2,1,0,0,35.836,0,1
1,5,1,73,,,0,0,1,1,25,0,39,897.472,4,2,1,0,39.593,0,1
0,,0,54,,,0,0,1,1,19,0,16,897.472,2,1,1,1,39.593,0,1
0,,0,89,,,0,0,0,1,16,0,65,28.806,4,1,0,0,40.279,0,1
0,,0,71,,,0,0,1,1,22,0,47,897.472,4,2,1,1,39.593,0,1
0,,0,95,,,0,0,1,0,18,0,71,897.472,57,14,0,0,39.593,0,1
1,5,1,74,,,0,0,1,1,24,0,64,897.472,57,14,0,0,39.593,0,1
1,4.199999809265137,2,64,5,5,1,1,0,0,25,0,34,107.199,17,6,0,0,48.206,0,1
0,,0,69,,,0,0,1,1,21,0,66,897.472,41,18,1,1,39.593,0,1
1,5,1,80,1.5,2.75,1,1,0,1,45,0,44,897.472,28,14,1,1,39.593,0,1
0,,0,72,,,0,0,1,1,26,0,64,897.472,13,7,0,0,39.593,0,1
1,5,1,45,5,5,1,1,1,0,18,0,35,897.472,4,2,1,1,39.593,0,1
0,,0,86,,,0,0,1,0,17,0,48,897.472,18,6,0,0,39.593,0,1
1,2.200000047683716,2,93,5,,1,0,1,0,18,0,39,897.472,28,14,1,1,39.593,0,1
1,2,2,69,2,3.599999904632568,1,1,1,0,13,0,32,897.472,18,5,0,0,39.593,0,1
1,4,4,91,1,1,1,1,1,1,27,0,13,897.472,28,14,1,1,39.593,0,1
0,,0,74,,,0,0,0,1,21,0,48,897.472,11,7,1,1,39.593,0,1
1,5,13,88,5,,1,0,1,1,14,0,56,897.472,37,22,1,1,39.593,0,1
1,5,1,82,2,1,1,1,1,1,13,0,51,897.472,8,4,1,1,39.593,0,1
0,,0,70,,,0,0,1,0,14,0,41,28.806,1,0,0,0,40.279,0,1
1,3,2,85,5,,1,0,1,0,10,0,27,897.472,28,14,1,1,39.593,0,1
1,5,1,89,,,0,0,1,0,9,0,50,897.472,57,14,0,0,39.593,0,1
1,3,2,85,5,,1,0,1,1,12,0,49,897.472,28,14,1,1,39.593,0,1
1,5,4,86,3.333333253860474,2,1,1,1,1,10,0,45,897.472,12,8,1,1,39.593,0,1
1,5,1,90,5,,1,0,1,1,22,0,27,897.472,41,17,1,1,39.593,0,1
0,,0,86,,,0,0,1,1,14,0,32,897.472,12,9,1,1,39.593,0,1
1,5,1,83,5,,1,0,1,1,11,0,64,897.472,8,3,0,0,39.593,0,1
1,4.199999809265137,6,94,3.5,,1,0,1,0,10,0,40,897.472,45,26,1,1,39.593,0,1
1,4.5,5,80,3.5,3,1,1,1,0,9,0,41,897.472,45,26,1,1,39.593,0,1
0,,0,86,,,0,0,1,0,9,0,67,107.199,17,7,0,0,48.206,0,1
1,3.799999952316284,4,85,5,,1,0,1,0,10,0,36,897.472,23,8,1,1,39.593,0,1
0,,0,74,,,0,0,1,0,12,0,24,897.472,28,15,1,1,39.593,0,1
0,,0,80,,,0,0,1,1,18,0,69,897.472,57,14,0,0,39.593,0,1
0,,0,79,,,0,0,1,1,9,0,29,897.472,57,14,0,0,39.593,0,1
1,5,1,73,1,1,1,1,1,0,13,0,44,897.472,18,5,0,0,39.593,0,1
0,,,88,5,5,1,1,1,0,15,0,66,897.472,13,6,0,0,39.593,0,1
0,,0,91,,,0,0,1,0,12,0,43,897.472,41,18,1,1,39.593,0,1
1,5,1,80,,,0,0,0,1,20,0,40,897.472,41,18,1,1,39.593,0,1
1,5,1,85,1,,1,0,1,1,12,0,31,51.271,6,1,0,0,41.856,0,1
0,,0,75,,,0,0,0,0,21,0,48,897.472,57,14,0,0,39.593,0,1
1,4.400000095367432,9,85,5,,1,0,1,0,11,0,66,897.472,28,14,1,1,39.593,0,1
1,5,1,73,,4,0,1,1,0,22,0,22,897.472,18,5,0,0,39.593,0,1
0,,0,88,,,0,0,1,1,12,0,63,51.271,3,1,0,0,41.856,0,1
0,,0,83,,,0,0,1,0,12,0,52,897.472,45,27,1,1,39.593,0,1
1,5,2,93,,,0,0,1,1,24,0,34,897.472,1,1,1,1,39.593,0,1
0,,0,68,,,0,0,1,1,10,0,49,25.37,2,2,0,0,35.836,0,1
1,4,3,87,,,0,0,0,1,14,3,67,897.472,57,14,0,0,39.593,0,1
0,,0,89,,,0,0,1,1,14,0,46,107.199,17,7,0,0,48.206,0,1
1,5,1,63,,,0,0,0,0,16,0,44,897.472,28,15,1,1,39.593,0,1
1,2.5,1,79,2.5,,1,0,1,0,12,0,47,897.472,12,8,1,1,39.593,0,1
1,3,2,76,5,,1,0,0,0,16,0,31,897.472,41,17,1,1,39.593,0,1
1,4.699999809265137,3,90,,5,0,1,0,0,11,0,60,897.472,28,14,1,1,39.593,0,1
1,5,1,83,3.75,3.833333253860474,1,1,1,0,21,0,30,897.472,4,2,1,1,39.593,0,1
1,1,2,89,,,0,0,1,0,11,0,52,107.199,17,7,0,0,48.206,0,1
1,5,1,76,4.5,3.666666746139526,1,1,1,1,10,0,39,897.472,12,8,1,1,39.593,0,1
0,,0,47,,,0,0,1,1,18,0,24,897.472,4,2,1,0,39.593,0,1
1,5,1,82,,,0,0,1,0,26,0,54,897.472,41,18,1,1,39.593,0,1
1,1,1,91,,,0,0,1,0,14,0,67,897.472,13,7,0,0,39.593,0,1
0,,0,77,,,0,0,1,0,10,0,34,34.993,1,0,0,0,28.756,0,1
0,,0,78,,,0,0,1,1,15,0,62,897.472,41,18,1,1,39.593,0,1
1,5,2,84,,,0,0,1,1,14,0,50,897.472,18,6,0,0,39.593,0,1
1,4.5,2,81,,,0,0,1,0,13,0,33,897.472,18,6,0,0,39.593,0,1
0,,0,86,,,0,0,1,1,13,0,55,897.472,28,15,1,1,39.593,0,1
0,,0,78,,,0,0,1,1,23,0,50,897.472,2,0,1,1,39.593,0,1
1,5,1,81,,,0,0,1,0,14,0,50,897.472,57,14,0,0,39.593,0,1
0,,0,84,,,0,0,1,1,11,0,36,897.472,57,14,0,0,39.593,0,1
0,,0,83,,,0,0,1,1,12,0,51,51.271,6,2,0,0,41.856,0,1
0,,0,57,,,0,0,1,1,19,0,26,897.472,18,6,0,0,39.593,0,1
1,3.599999904632568,4,70,2.25,2.75,1,1,1,0,11,0,41,897.472,41,17,1,1,39.593,0,1
0,,0,78,,,0,0,0,0,31,0,59,897.472,37,23,1,1,39.593,0,1
0,,0,75,,,0,0,1,0,9,0,68,897.472,57,14,0,0,39.593,0,1
0,,0,68,,,0,0,1,1,21,0,28,897.472,41,18,1,1,39.593,0,1
0,,0,77,,,0,0,1,1,15,0,39,897.472,37,23,1,1,39.593,0,1
1,1,1,86,1,5,1,1,1,1,17,0,32,897.472,41,17,1,1,39.593,0,1
0,,0,89,,,0,0,1,1,13,0,54,897.472,45,27,1,1,39.593,0,1
1,4.800000190734863,9,85,5,,1,0,1,1,15,0,54,897.472,45,26,1,1,39.593,0,1
1,2.799999952316284,4,72,,2,0,1,1,0,13,0,46,897.472,45,26,1,1,39.593,0,1
0,,0,76,,,0,0,1,1,10,0,31,897.472,3,0,1,1,39.593,0,1
1,5,1,94,,4.75,0,1,1,0,32,0,76,897.472,57,13,0,0,39.593,0,1
1,3.299999952316284,3,90,,5,0,1,1,1,34,0,88,897.472,37,22,1,1,39.593,0,1
1,5,2,76,,3.25,0,1,1,1,29,0,31,897.472,41,17,1,1,39.593,0,1
0,,0,72,,,0,0,0,0,38,0,50,897.472,2,1,1,1,39.593,0,1
0,,0,82,,,0,0,0,1,24,0,38,897.472,11,7,1,1,39.593,0,1
1,3.5,4,81,4,,1,0,1,0,29,4,75,897.472,57,13,0,0,39.593,0,1
1,5,1,89,5,,1,0,0,0,22,0,32,897.472,4,2,1,1,39.593,0,1
0,,0,76,,,0,0,1,1,29,0,57,897.472,28,15,1,1,39.593,0,1
1,2.5,3,68,,,0,0,1,1,13,0,55,897.472,57,14,0,0,39.593,0,1
0,,0,82,,,0,0,1,0,15,0,54,897.472,57,14,0,0,39.593,0,1
1,5,2,80,,5,0,1,1,1,18,0,48,107.199,17,6,0,0,48.206,0,1
0,,0,85,,,0,0,1,1,11,0,40,897.472,45,27,1,1,39.593,0,1
1,5,1,85,4,,1,0,1,1,13,0,67,897.472,57,13,1,1,39.593,0,1
1,1,1,66,3,5,1,1,1,0,9,0,27,897.472,41,17,1,1,39.593,0,1
1,1,2,76,1.5,5,1,1,1,1,24,0,27,897.472,37,22,1,1,39.593,0,1
1,5,1,77,5,,1,0,1,0,17,0,29,897.472,8,4,1,1,39.593,0,1
1,4.5,1,81,,,0,0,1,0,12,0,40,107.199,2,0,0,0,48.206,0,1
0,,0,85,,,0,0,1,1,12,0,76,897.472,57,14,0,0,39.593,0,1
1,5,3,86,,,0,0,1,0,12,0,50,897.472,57,14,0,0,39.593,0,1
1,3.200000047683716,2,87,,5,0,1,1,0,10,0,28,897.472,37,22,1,1,39.593,0,1
0,,0,84,,,0,0,1,0,8,0,37,897.472,8,5,1,1,39.593,0,1
1,3,2,74,4.333333492279053,2.5,1,1,1,0,8,0,43,897.472,22,9,0,0,39.593,0,1
0,,0,58,,,0,0,1,0,17,0,12,897.472,8,4,0,0,39.593,0,1
1,5,1,86,2.400000095367432,,1,0,0,1,12,0,79,897.472,37,22,1,1,39.593,0,1
0,,0,91,,,0,0,1,1,27,0,61,897.472,41,18,1,1,39.593,0,1
1,5,1,85,,,0,0,1,0,27,0,39,897.472,41,18,1,1,39.593,0,1
1,4.5,1,81,3.799999952316284,,1,0,1,1,27,0,67,897.472,57,13,1,1,39.593,0,1
0,,0,86,,,0,0,1,0,17,0,31,9.227,0,0,0,0,23.27,0,1
1,5,1,83,,,0,0,1,0,11,0,47,897.472,41,18,1,1,39.593,0,1
1,3.900000095367432,4,79,1.875,2.055555582046509,1,1,1,0,10,0,44,897.472,41,17,1,1,39.593,0,1
0,,0,77,,,0,0,1,1,9,0,38,107.199,2,0,0,0,48.206,0,1
0,,0,62,,,0,0,1,1,14,0,23,107.199,6,2,0,0,48.206,0,1
