"player_1","player_2","player_3","player_4","player_5","player_6","player_7","player_8","player_9","Win_Loss_Tie"
"Wojciech Szczesny","Maicon","Konstantinos Manolas","Antonio Ruediger","Lucas Digne","Alessandro Florenzi","Radja Nainggolan","Miralem Pjanic","Iago Falque","W"
"Wojciech Szczesny","Vasilios Torosidis","Konstantinos Manolas","Antonio Ruediger","Lucas Digne","Radja Nainggolan","William Vainqueur","Gervinho","Mohamed Salah","W"
"Morgan De Sanctis","Alessandro Florenzi","Konstantinos Manolas","Leandro Castan","Lucas Digne","Miralem Pjanic","Daniele De Rossi","Radja Nainggolan","Iago Falque","L"
"Wojciech Szczesny","Alessandro Florenzi","Konstantinos Manolas","Antonio Ruediger","Lucas Digne","Miralem Pjanic","Daniele De Rossi","Radja Nainggolan","Mohamed Salah","W"
"Wojciech Szczesny","Alessandro Florenzi","Konstantinos Manolas","Antonio Ruediger","Lucas Digne","Miralem Pjanic","Daniele De Rossi","Radja Nainggolan","Gervinho","T"
"Wojciech Szczesny","Alessandro Florenzi","Konstantinos Manolas","Lucas Digne","Daniele De Rossi","Miralem Pjanic","Seydou Keita","Radja Nainggolan","Iago Falque","W"
"Wojciech Szczesny","Vasilios Torosidis","Konstantinos Manolas","Leandro Castan","Lucas Digne","Daniele De Rossi","Miralem Pjanic","Mohamed Salah","Radja Nainggolan","T"
"Wojciech Szczesny","Konstantinos Manolas","Daniele De Rossi","Ervin Zukanovic","Antonio Ruediger","Mohamed Salah","Radja Nainggolan","Seydou Keita","Miralem Pjanic","W"
"Wojciech Szczesny","Antonio Ruediger","Konstantinos Manolas","Ervin Zukanovic","Maicon","Miralem Pjanic","Seydou Keita","Diego Perotti","Mohamed Salah","W"
"Wojciech Szczesny","Maicon","Konstantinos Manolas","Antonio Ruediger","Lucas Digne","Miralem Pjanic","Seydou Keita","Radja Nainggolan","Alessandro Florenzi","W"
"Wojciech Szczesny","Alessandro Florenzi","Konstantinos Manolas","Antonio Ruediger","Lucas Digne","Radja Nainggolan","Seydou Keita","Miralem Pjanic","Mohamed Salah","W"
"Wojciech Szczesny","Alessandro Florenzi","Konstantinos Manolas","Antonio Ruediger","Lucas Digne","Miralem Pjanic","Seydou Keita","Radja Nainggolan","Mohamed Salah","T"
"Wojciech Szczesny","Alessandro Florenzi","Konstantinos Manolas","Antonio Ruediger","Lucas Digne","Miralem Pjanic","Daniele De Rossi","Iago Falque","Mohamed Salah","T"
"Wojciech Szczesny","Maicon","Konstantinos Manolas","Antonio Ruediger",NA,"Alessandro Florenzi","Seydou Keita","Radja Nainggolan","Diego Perotti","W"
"Wojciech Szczesny","Alessandro Florenzi","Konstantinos Manolas","Antonio Ruediger","Lucas Digne","Miralem Pjanic","Seydou Keita","Radja Nainggolan","Diego Perotti","W"
"Wojciech Szczesny","Alessandro Florenzi","Konstantinos Manolas","Antonio Ruediger","Lucas Digne","Miralem Pjanic","Daniele De Rossi","Radja Nainggolan","Mohamed Salah","W"
"Morgan De Sanctis","Maicon","Konstantinos Manolas","Antonio Ruediger","Vasilios Torosidis","Miralem Pjanic","Daniele De Rossi","Radja Nainggolan","Juan Manuel Iturbe","T"
"Morgan De Sanctis","Maicon","Daniele De Rossi","Konstantinos Manolas","Lucas Digne","Radja Nainggolan","Seydou Keita","Miralem Pjanic","Mohamed Salah","W"
"Wojciech Szczesny","Vasilios Torosidis","Konstantinos Manolas","Leandro Castan","Lucas Digne","Alessandro Florenzi","Daniele De Rossi","Miralem Pjanic","Gervinho","W"
"Wojciech Szczesny","Alessandro Florenzi","Konstantinos Manolas","Leandro Castan","Vasilios Torosidis","Miralem Pjanic","Daniele De Rossi","Radja Nainggolan","Mohamed Salah","T"
"Wojciech Szczesny","Maicon","Konstantinos Manolas","Antonio Ruediger","Lucas Digne","Alessandro Florenzi","Radja Nainggolan","Miralem Pjanic","Gervinho","L"
"Wojciech Szczesny","Maicon","Konstantinos Manolas","Antonio Ruediger","Lucas Digne","Miralem Pjanic","Seydou Keita","Radja Nainggolan","Alessandro Florenzi","T"
"Wojciech Szczesny","Alessandro Florenzi","Konstantinos Manolas","Antonio Ruediger","Lucas Digne","Miralem Pjanic","Daniele De Rossi","Radja Nainggolan","Gervinho","T"
"Wojciech Szczesny","Alessandro Florenzi","Konstantinos Manolas","Antonio Ruediger","Lucas Digne","Miralem Pjanic","Daniele De Rossi","Radja Nainggolan","Mohamed Salah","T"
"Wojciech Szczesny","Maicon","Konstantinos Manolas","Antonio Ruediger","Lucas Digne","Alessandro Florenzi","William Vainqueur","Iago Falque","Mohamed Salah","T"
"Wojciech Szczesny","Konstantinos Manolas","Daniele De Rossi","Antonio Ruediger","Alessandro Florenzi","William Vainqueur","Miralem Pjanic","Lucas Digne","Radja Nainggolan","L"
"Wojciech Szczesny","Antonio Ruediger","Daniele De Rossi","Ervin Zukanovic","Maicon","Miralem Pjanic","Seydou Keita","Stephan El Shaarawy","Radja Nainggolan","W"
"Wojciech Szczesny","Alessandro Florenzi","Antonio Ruediger","Konstantinos Manolas","Lucas Digne","William Vainqueur","Radja Nainggolan","Mohamed Salah","Diego Perotti","W"
"Wojciech Szczesny","Maicon","Antonio Ruediger","Ervin Zukanovic","Lucas Digne","Miralem Pjanic","Seydou Keita","Radja Nainggolan","Mohamed Salah","W"
"Wojciech Szczesny","Alessandro Florenzi","Konstantinos Manolas","Ervin Zukanovic","Lucas Digne","Radja Nainggolan","Seydou Keita","Mohamed Salah","Diego Perotti","W"
"Wojciech Szczesny","Alessandro Florenzi","Antonio Ruediger","Konstantinos Manolas","Lucas Digne","Daniele De Rossi","Seydou Keita","Gervinho","Francesco Totti","W"
"Wojciech Szczesny","Alessandro Florenzi","Konstantinos Manolas","Antonio Ruediger","Lucas Digne","Miralem Pjanic","Seydou Keita","Radja Nainggolan","Mohamed Salah","W"
"Wojciech Szczesny","Antonio Ruediger","Konstantinos Manolas","Ervin Zukanovic","Lucas Digne","Alessandro Florenzi","Daniele De Rossi","Radja Nainggolan","Mohamed Salah","T"
"Wojciech Szczesny","Maicon","Konstantinos Manolas","Antonio Ruediger","Lucas Digne","Radja Nainggolan","Daniele De Rossi","Kevin Strootman","Mohamed Salah","W"
"Wojciech Szczesny","Alessandro Florenzi","Konstantinos Manolas","Antonio Ruediger","Lucas Digne","Kevin Strootman","Daniele De Rossi","Radja Nainggolan","Miralem Pjanic","W"
"Morgan De Sanctis","Alessandro Florenzi","Konstantinos Manolas","Daniele De Rossi","Lucas Digne","Miralem Pjanic","Seydou Keita","Radja Nainggolan","Mohamed Salah","L"
"Wojciech Szczesny","Vasilios Torosidis","Konstantinos Manolas","Daniele De Rossi","Lucas Digne","Alessandro Florenzi","Radja Nainggolan","Miralem Pjanic","Iago Falque","W"
"Wojciech Szczesny","Alessandro Florenzi","Konstantinos Manolas","Antonio Ruediger","Lucas Digne","Miralem Pjanic","Daniele De Rossi","Radja Nainggolan","Mohamed Salah","W"
